date,open,high,low,close,shares_traded,turnover_cr,Date,Title,movement,target,sentiment_score,prediction,prediction_binary
2025-08-21,25142.0,25153.65,25054.9,25083.75,226542052.0,21865.07,2025-08-21,"['Stocks to Watch Today: Clean Science, Shanti Gold, India Cements, RailTel, Jupiter Wagons, V-Guard, Fortis, Innova Captab, Poly Medicure in focus on 21 August', 'Newly-listed Shanti Gold shares rally 11% after Q1 net profit surges 174% to Rs 25 crore']",-58.25,0,6,UP,1
2025-08-20,24965.8,25088.7,24929.7,25050.55,287054119.0,25330.45,2025-08-20,"[""KPR Mill shares rise 2.09% in Wednesday's session; stock among top gainers on Nifty Midcap 150"", 'Info Edge CFO Chintan Thakkar resigns after 12-year tenure; shares down 1%', 'One 97 Communications Paytm shares hit 52-week high; stock gains 0.47%', 'Stocks to Watch Today: Paytm, Lloyds Metals, Info Edge, GNG Electronics, Aditya Infotech, Endurance, Regaal Resources, Phoenix Mills in focus on 20 August']",84.75,1,8,UP,1
2025-08-19,24891.35,25012.65,24873.95,24980.65,252340828.0,24781.97,2025-08-19,"['Kalyan Jewellers India shares decline 2.45% amid volume surge; stock among top losers on Nifty Midcap 150', 'One 97 Communications Paytm shares rise 2.98%, among top gainers on Nifty Midcap 150', ""BlueStone Jewellery shares settle 5% higher from IPO price on debut day; here's a post-listing strategy"", 'BlueStone Jewellery shares rebound after muted debut, close nearly 6% higher', 'Small, midcap stocks rally up to 9%, broader markets extend gains for 2nd day; check top gainers', 'Kalyan Jewellers India shares fall 2.85%, among top losers on Nifty Midcap 150']",89.30000000000291,1,9,UP,1
2025-08-18,24938.2,25022.0,24852.85,24876.95,363071305.0,37637.67,2025-08-18,"['BSE, HDFC AMC, MCX, other capital market stocks surge up to 5% on market optimism, S&P upgrade', 'Max Financial Services shares gain 2.30% amid volume surge; stock among top gainers on Nifty Midcap 150', 'One 97 Communications Paytm shares rise 2.09%; stock among top gainers on Nifty Midcap 150', 'Smallcap, midcap stocks rally up to 9% amid broader optimism over GST reforms, S&P upgrade; check top gainers', ""Kalyan Jewellers' Subsidiary Renamed Candere Lifestyle Jewellery"", 'Trade Spotlight: How should you trade Eicher Motors, HDFC Life, Manappuram Finance, UNO Minda, Tube Investments, PB Fintech, and others on August 18?', 'Kalyan Jewellers India share price falls 2.04% on Nifty Midcap 150']",-61.25,0,20,UP,1
2025-08-14,24607.25,24673.65,24596.9,24631.3,270162203.0,22375.44,2025-08-14,"['Lux Industries Standalone June 2025 Net Sales at Rs 604.49 crore, up 12.93% Y-o-Y', 'Kalyan Jewellers India shares rise 2.33%, among top gainers on Nifty Midcap 150', 'PC Jeweller Allots 97.84 Lakh Equity Shares', 'Kalyan Jewellers India shares surge 5.49% amid volume surge']",24.049999999999272,1,8,UP,1
2025-08-13,24586.2,24664.55,24535.25,24619.35,236006791.0,22843.14,2025-08-13,"['Broking stocks higher as Sebi consultation paper seeks to revamp regulation, ease compliance burden', ""PB Fintech-Policybazaar shares rise 2.01% in Wednesday's trading session"", 'One 97 Communications Paytm shares jump 4.13% amid high volume; stock among top midcap gainers', 'Rupa and Comp Consolidated June 2025 Net Sales at Rs 183.90 crore, down 12.55% Y-o-Y']",33.14999999999782,1,9,UP,1
2025-08-12,24563.35,24702.6,24465.65,24487.4,237002462.0,22258.29,2025-08-12,"['Aurobindo Pharm Consolidated June 2025 Net Sales at Rs 7,868.14 crore, up 3.98% Y-o-Y', 'Hold Voltas; target of Rs 1268: Prabhudas Lilladher', 'SJVN share price rises 2.53% in early trade', 'Zydus Lifesciences Q1 Net Profit Rises 3.3% YoY to ?1,466.8 Crore', 'Buy National Aluminium Co; target of Rs 228: Prabhudas Lilladher', 'Marico Consolidated June 2025 Net Sales at Rs 3,259.00 crore, up 23.31% Y-o-Y', ""Tube Investments of India shares rise 0.91% amid high volume in today's session"", 'Gujarat Fluoro Consolidated June 2025 Net Sales at Rs 1,281.00 crore, up 8.93% Y-o-Y', 'Gland Consolidated June 2025 Net Sales at Rs 1,505.62 crore, up 7.41% Y-o-Y', 'Abbott India Q1 FY26 Net Profit Rises 7.27% YoY to ?365.86 Crore', 'Max Healthcare Grants 2,00,580 Stock Options Under ESOP 2022', 'Hindustan Zinc Joins International Council on Mining and Metals', 'Buy Voltas; target of Rs 1568: Anand Rathi', 'Tube Investment Consolidated June 2025 Net Sales at Rs 5,309.06 crore, up 15.97% Y-o-Y', 'Pearl Global In Consolidated June 2025 Net Sales at Rs 1,227.92 crore, up 16.63% Y-o-Y', 'Monte Carlo Consolidated June 2025 Net Sales at Rs 138.53 crore, up 9.94% Y-o-Y', 'Chartist Talk: Nifty needs to break above 24,640 to trap late short sellers for short covering rally to 24,800; buy these 2 stocks, says Ashish Kyal', 'PC Jeweller Consolidated June 2025 Net Sales at Rs 724.91 crore, up 80.71% Y-o-Y', 'Trade Spotlight: How should you trade Paytm, Indian Bank, InterGlobe Aviation, Larsen & Toubro, Transrail Lighting, Fortis Healthcare, and others on August 12?', 'Gokaldas Export Consolidated June 2025 Net Sales at Rs 955.79 crore, up 2.54% Y-o-Y', 'Neutral Max Financial Services; target of Rs 1750: Motilal Oswal', 'Vishal Fabrics Consolidated June 2025 Net Sales at Rs 397.17 crore, up 16.84% Y-o-Y', 'Sutlej Textiles Consolidated June 2025 Net Sales at Rs 604.89 crore, down 8.08% Y-o-Y', 'Dollar Ind Consolidated June 2025 Net Sales at Rs 399.13 crore, up 19.59% Y-o-Y', 'Trade Spotlight: How should you trade TBO Tek, CreditAccess Grameen, MCX, Maruti Suzuki, Acutaas Chemicals, Max Financial, and others on August 13?', 'DLF Consolidated June 2025 Net Sales at Rs 2,716.70 crore, up 99.41% Y-o-Y', 'Sanathan Textil Consolidated June 2025 Net Sales at Rs 745.34 crore, down 4.58% Y-o-Y', 'Axita Cotton  Consolidated June 2025 Net Sales at Rs 156.70 crore, up 1.14% Y-o-Y']",-75.94999999999709,0,57,UP,1
2025-08-11,24371.5,24600.85,24347.45,24585.05,241145497.0,21081.61,2025-08-11,"['Lupin launches Glucagon injection, targets $122 million annual market in US for low blood sugar', 'Mazagon Dock Shipbuilders shares rise 2.70%', 'PG Electroplast sinks 15% as Nuvama slashes target price, stock down 40% in four sessions', 'Trade Spotlight: How should you trade Sanghvi Movers, Kajaria Ceramics, TVS Motor, Tech Mahindra, Medanta, Pidilite Industries, and others on August 11?', 'Solar Industries India shares rise 2.13% on Nifty Midcap 150', 'Stocks to Watch Today: Tata Motors, IDFC First Bank, Manappuram Finance, Power Mech Projects, Entero Healthcare, Voltas, Siemens in focus on 11 August', 'Jupiter Wagons shares gain on order win worth Rs 242 crore from GATX India', 'Jupiter Wagons Secures ?242.41 Crore Order from GATX India', 'Voltas shares fall 6% amid volume surge; stock among top losers on Nifty Midcap 150 today', 'Cochin Shipyard shares rise 2.12% in morning trade', 'Data Patterns, Mazagon Dock, other defence shares rise up to 4.5% after three-session fall: Here are 5 key reasons', 'SJVN shares rise 2.04% in morning trade on Nifty Midcap 150', 'Voltas shares slump 8% after Q1 results miss Street estimates, brokerages remain cautious', 'Zydus Lifesciences Gains USFDA Nod for Diltiazem Hydrochloride Tablets', 'Rail Vikas Nigam shares rise 2.26% in morning trade; stock among top gainers on Nifty Midcap 150', 'PB Fintech-Policybazaar shares rise 2.11% in morning trade', 'IPO-bound insurtech firm Turtlemint converts to public company ahead of filing draft documents']",213.54999999999927,1,6,UP,1
2025-08-08,24544.25,24585.5,24337.5,24363.3,312630157.0,38135.74,2025-08-08,"['Trade Spotlight: How should you trade TVS Motor, BSE, Aditya Birla Capital, Cholamandalam Financial, Delhivery, Eternal and others on August 8?', 'Buy Titan Company; target of Rs 4150: Motilal Oswal', 'Grasim Q1 net loss widens to Rs 118 crore, revenue up 34 percent at Rs 9,223 crore', 'Infosys share price falls 1% in morning trade', 'Bharti Airtel share price falls 2.86% in early trade; stock among top losers on Nifty 50', 'Sensex declines nearly 500 pts, Nifty below 24,450 on tariff worries; IT, pharma among top sectoral losers', 'Bharti Airtel share price falls 2.88%, hits intraday low', 'Defence stocks tumble up to 6% on weak earnings, profit booking: Mazagon Dock, BDL, Paras Defence among top losers', 'NTPC shares rise 2.06%; among top gainers on Nifty 50', ""Larsen & Toubro among top gainers on Nifty 50 in Friday's session today"", 'Buy Hero MotoCorp; target of Rs 5355: Motilal Oswal', 'Neutral Bajaj Auto; target of Rs 8618: Motilal Oswal', ""Tata Consultancy Services shares trade flat in today's session; over 15.9 lakh shares traded"", ""Infosys share price falls nearly 1% in Friday's trading session"", 'Infosys share price falls nearly 1% in morning trade', 'Bear run on D-Street: Sensex falls 550 pts, Nifty slips below 24,450 on tariff worries; 11 out of 13 sectors in red', 'Bharti Airtel share price falls 2.7% in early trade', 'Neutral Bajaj Auto; target of Rs 8561: LKP Research', ""Larsen & Toubro share price falls marginally in today's session"", 'Tata Consultancy Services share price trades flat; hits intraday high of Rs 3,059.80', ""ITC shares gain marginally in today's session; over 21.4 lakh shares traded"", 'Neutral Bosch; target of Rs 35967: Motilal Oswal', 'Metal, realty stocks down up to 5 percent as Trump tariffs weigh: Here are the top losers', 'Titan shares surge 2%, top Nifty gainer as brokerages remain bullish on strong Q1 results', 'Nestle India shares fall 2.04% on Nifty 50', ""ITC shares among top gainers on Nifty 50 in Friday's session; stock rises 0.23%"", 'Hold BHEL; target of Rs 215: Prabhudas Lilladher', ""Hindustan Unilever share price trades down marginally in today's session"", ""Larsen &Toubro shares trade flat; stock touches day's high of Rs 3,662.30"", 'Hindustan Unilever share price falls 0.62% in morning trade', 'Bharti Airtel shares fall 2.78%; stock among top losers on Nifty 50', ""Avenue Supermarts share price falls 2.11% in Friday's session; stock among top losers on Nifty Next 50"", ""JSW Steel share price falls 2% in Friday's trading session"", 'Buy Titan Company; target of Rs 3901: Prabhudas Lilladher', 'Bharti Airtel shares fall over 2 percent on large trade of equity worth over Rs 12,500 crore', 'SBI regains home loan crown, outpaces HDFC Bank by Rs 8,000 crore to top the housing segment', 'Adani Enterprises share price falls 2.12% in early trade', 'ITC shares gain marginally; over 54 lakh shares traded', 'SBI Q1 results: Net profit rises 12% to Rs 19,160 crore, beats estimates', 'Tata Consultancy Services shares fall marginally; over 11.7 lakh shares traded', 'Stocks to Watch Today: Titan, Bharti Airtel, Biocon, Cummins, BSE, LIC, KRBL, Metropolis, Kalpataru Projects, Godrej Consumer, Kalyan Jewellers, AU SFB in focus on 8 August', 'Buy Hero MotoCorp; target of Rs 5304: LKP Research', 'Bulk deals: Promoter entity Indian Continent Investment sells shares worth Rs 11,227 crore in Bharti Airtel', 'Sensex falls 800 pts, goes below 80k, Nifty at 24,400: Tariff jitters among key factors behind market fall', 'JSW Steel shares fall 2% as banks seek EBITDA of Bhushan Power & Steel during IBC process to flow to creditors', ""Glenmark Pharma share price falls 2.1% in today's session; stock among top losers on Nifty Midcap 150"", 'Buy Pidilite Industries; target of Rs 3427: Prabhudas Lilladher', ""GHCL Launches 'Saksham Niveshak' for Unclaimed Dividends"", 'Buy Godrej Agrovet; target of Rs 940: Motilal Oswal', 'Steel Authority of India shares fall 2.02%', 'Buy Jindal Stainless; target of Rs 830: Motilal Oswal', 'Buy Gland Pharma; target of Rs 2340: Motilal Oswal', 'Zydus Lifesciences gets NOC from Health Canada; share price down marginally', 'Pidilite Industries Announces ?10/Share Special Interim Dividend', 'Buy Lupin; target of Rs 2500: Emkay Global Financial', 'PG Electroplast shares fall 23% after firm cuts FY26 growth guidance', 'Mazagon Dock Shipbuilders shares fall 2.01% in morning trade', 'Jindal Stainless shares decline 5.04% amid volume surge; stock among top losers on Nifty Midcap 150', 'Voltas Q1 FY26 Net Profit Declines 58% YoY to ?140.61 Crore', 'Neutral Pidilite Industries; target of Rs 3200: Motilal Oswal', 'Cochin Shipyard shares fall 2.05% on Nifty Midcap 150', 'AU Small Finance Bank shares rise 3% on RBI nod to act as universal bank', 'Kalyan Jewellers sharply lower by over 7 percent on heavy volumes despite strong Q1 earnings', 'Buy Kalyan Jewellers; target of Rs 700: Motilal Oswal', 'Buy AU Small Finance Bank; target of Rs 875: Motilal Oswal', 'Buy Raymond Lifestyle; target of Rs 1425: Motilal Oswal', ""KPR Mill share price falls 2.05% in Friday's trading session""]",-180.95000000000073,0,-21,DOWN,0
2025-08-07,24464.2,24634.2,24344.15,24596.15,616739190.0,35574.59,2025-08-07,"['TCS to roll out wage hikes after announcing plans to cut 12,000 jobs. Check details', 'RIL annual report: Reliance says tariff risks may weigh on demand-supply balance in O2C business', 'Hindustan Unilever share price falls 0.56% in early trade', 'Adani Power share price falls 2.04% in morning trade', 'Eternal shares decline 2.49% amid volume surge; stock among top losers on Nifty 50', 'Trent shares rise 2% after Q1 results, but brokerages flag slow revenue growth; should you buy, sell or hold?', 'Bharat Heavy Electricals shares decline 4.02% amid high volume, among top midcap losers', 'ITC shares among top gainers on Nifty 50; up 0.44%', 'Bharat Heavy Electricals shares fall 4.20%, among top losers on Nifty Midcap 150', 'Larsen & Toubro shares fall marginally in early trade', 'Accumulate Bharti Airtel; target of Rs 2090: Prabhudas Lilladher', 'Bharti Airtel share price falls 0.54% in early trade', ""Sensex recovers over 900 pts from day's low, Nifty near 24,600: 5 key reasons behind sharp market recovery"", ""Tata Consultancy Services shares fall marginally in today's session"", ""BHEL shares fall over 6 percent as CLSA recommends 'Underperform' after net loss doubles"", 'Coal India Allows Power Sale in Exchanges from August 1, 2025', ""ITC shares gain 0.5% in today's session; about 20 lakh shares traded"", ""Larsen & Toubro shares trade flat in today's session"", 'Bajaj Holdings Standalone June 2025 Net Sales at Rs 294.75 crore, up 134.77% Y-o-Y', 'Eternal shares see Rs 5,624 crore block deal as Antfin likely exits holding', 'Hold Bharti Airtel: target of Rs 1960: ICICI Securities', 'HUL expects steady demand, bets on macros and consumption recovery to sustain momentum', 'BHEL Standalone June 2025 Net Sales at Rs 5,486.91 crore, up 0.04% Y-o-Y', 'Larsen & Toubro shares trade flat; hits intraday high of Rs 3,649', 'Hero Motocorp Standalone June 2025 Net Sales at Rs 9,578.86 crore, down 5.57% Y-o-Y', 'Trump tariffs not a concern for Bajaj Auto, but rare earth magnet supplies still uncertain: Rajiv Bajaj', 'Bharti Airtel shares fall 0.95%, stock among top losers on Nifty 50', ""Adani Power shares rise 2.04% in Thursday's session"", 'Titan Q1 results: Net profit rises 34% to Rs 1,030 crore, beats estimates', 'Bajaj Auto Standalone June 2025 Net Sales at Rs 12,584.45 crore, up 5.5% Y-o-Y', ""Hindustan Unilever share price falls 0.73% in Thursday's session"", 'Reliance Industries Sets August 14, 2025 as Dividend Record Date', 'Buy NTPC; target of Rs 398: Mirae Asset Sharekhan', ""Infosys shares trade flat in today's trading session"", 'Bulk deals: Alibaba-backed Antfin offloads 1.46% stake worth Rs 4,097 crore in Eternal', 'Adani Green Energy shares fall 2.07% in morning trade', 'Trade Spotlight: How should you trade IndiGo, Asian Paints, Waaree Energies, Jindal Stainless, CSB Bank, Bajaj Finance and others on August 7?', 'Sunil Mittal-led promoter entity eyes part stake sale in Bharti Airtel, launches mega $1-bn block deal', ""ITC shares gain marginally in today's session; over 62.2 lakh shares traded"", ""Infosys shares fall 0.81% in Thursday's trading session"", ""Bajaj Finance shares trade flat after hitting day's high, day's low"", ""Tata Consultancy Services shares see moderate fall in Thursday's session"", 'Stocks to Watch Today: Eternal, Hero MotoCorp, Trent, Bharat Forge, BHEL, Lumax Ind, Fortis Healthcare, Datamatics Global, Bajaj Holdings in focus on 7 August', ""Bharti Airtel shares decline 0.86% in today's session; over 22 lakh shares traded"", 'Sensex falls over 700 pts, Nifty slips below 24,350: Higher tariffs by Trump among key factors behind market fall', 'Buy Bajaj Auto; target of Rs 9850: ICICI Securities', 'Hindustan Unilever shares fall marginally in early trade', 'JSW Steel shares hit all-time high of Rs 1,074.90 on NSE', 'Adani Power Receives LoI for 2,400 MW Thermal Power Project from Bihar State Power Co', 'Buy Aurobindo Pharma; target of Rs 1300: ICICI Securities', 'Lupin shares rise 2.03% in early trade', 'Pidilite Ind Standalone June 2025 Net Sales at Rs 3,479.30 crore, up 10.6% Y-o-Y', ""Trump's tariff threats: Indian Pharma is ready with a multi-pronged defence strategy"", 'Buy Lupin; target of Rs 2400: Prabhudas Lilladher', 'Brookfield\x92s CleanMax, KKR-backed Hero Future Energies may file draft IPO papers by next week', 'Hold Lupin: target of Rs 1950: ICICI Securities', ""NMDC share price falls 2.02% in today's session"", 'Jindal Stainless shares fall 6.15% in early trade; stock among top losers on Nifty Midcap 150', ""Lupin shares surge 3.17% amid high volume in today's session"", 'Tube Investments of India shares decline 1.01% amid volume surge; stock among top losers on Nifty Midcap 150', 'Buy Azad Engineering; target of Rs 1882: ICICI Securities', 'Jindal Stainles Standalone June 2025 Net Sales at Rs 10,340.51 crore, up 7.88% Y-o-Y', 'Steel Authority of India shares fall 2.01%, stock among top losers on Nifty Midcap 150', 'Gland Standalone June 2025 Net Sales at Rs 1,038.84 crore, up 2.65% Y-o-Y', 'KPR Mill share price falls 5.29% among top losers on Nifty Midcap 150', 'Buy DLF; target of Rs 954: ICICI Securities', 'PB Fintech shares rise 2.08% on Nifty Midcap 150', 'Nifty Realty drops 1.4%, extends losses for third day: 5 reasons behind sector-wide sell-off', 'Cheviot Company Standalone June 2025 Net Sales at Rs 119.72 crore, up 26.4% Y-o-Y', 'Textile, shrimp stocks fall as Trump doubles tariff; Gokaldas Exports, KPR Mill, Avanti Feeds decline up to 4%', 'KPR Mill Standalone June 2025 Net Sales at Rs 1,103.70 crore, up 2.36% Y-o-Y', 'Sutlej Textiles Standalone June 2025 Net Sales at Rs 598.49 crore, down 8.17% Y-o-Y', 'Kalyan Jewellers India shares fall 2.01%, among top losers on Nifty Midcap 150', 'Monte Carlo Standalone June 2025 Net Sales at Rs 138.53 crore, up 9.94% Y-o-Y', ""Kalyan Jewellers' Q1 FY26 Net Profit Rises 48.73% YoY to ?264.08 Crore""]",131.95000000000073,1,1,UP,1
2025-08-06,24641.35,24671.4,24539.2,24574.2,225091071.0,20559.22,2025-08-06,"['Asian Paints shares surge 2.52% amid high volume', ""Tata Elxsi share price falls 2% in Wednesday's trading session"", ""ITC shares fall 0.56% in today's session; over 36.4 lakh shares traded"", 'Bharti Airtel shares trade flat; over 33.4 lakh shares traded', 'Bharti Airtel shares among top gainers on Nifty 50, rise 0.64%', 'Titan Q1 Preview: Soaring gold prices likely to impact demand, dent margins', 'Small and midcap indices down for a second day over tariff threat and earnings', 'Tata Consultancy Services shares fall 0.58% in early trade', ""Bajaj Auto shares trade flat amid volume surge in today's session"", ""ITC shares fall marginally in today's trading session"", ""Adani Ports shares jump 2% after firm's Q1 net profit rises 7%: Should you buy, sell or hold?"", 'Hindustan Unilever shares gain marginally in morning trade', 'Bharti Airtel shares gain as Q1 net profit soars 43%, brokerages cheer strong ARPU print', 'Bharti Airtel Standalone June 2025 Net Sales at Rs 29,249.20 crore, up 17.39% Y-o-Y', 'Buy Adani Port and SEZ; target of Rs 1777: Prabhudas Lilladher', ""Tata Consultancy Services shares fall 1.11% in today's session; over 3.8 lakh shares traded"", 'Adani Ports Standalone June 2025 Net Sales at Rs 1,838.85 crore, down 2.73% Y-o-Y', 'Bajaj Finance shares fall 1.61% in intraday trade', 'Trent Q1 results: Net profit rises 24% to Rs 423 crore, beats estimates', ""Hindustan Unilever shares trade flat; touches day's high of Rs 2,563.10"", ""Tech Mahindra shares fall 2.01% in Wednesday's trading session"", 'RBI MPC meet: Experts pick these top 10 rate-sensitive stocks after central bank holds rates, lowers inflation forecast', 'Buy Adani Ports and SEZ; target of Rs 1700: Motilal Oswal', ""ITC share price falls marginally in today's session"", 'Sensex declines 200 pts, Nifty below 24,600: RBI monetary policy among key factors behind market decline', 'Stocks to Watch Today: NSDL, Sri Lotus Developers, Bharti Airtel, Britannia, Lupin, Prestige Estates, EIH, Gland Pharma, HG Infra in focus on 6 August', ""Bajaj Finance shares decline 1.71% in today's session"", ""Larsen & Toubro shares decline marginally in today's session; over 1.6 lakh shares traded"", 'Trade Spotlight: How should you trade Bank of Baroda, BLS International, Godawari Power, ICICI Prudential, BHEL, DMart and others on August 6?', ""Infosys shares decline 1.51% in Wednesday's trading session"", 'Infosys shares fall 1.12%; stock among top losers on Nifty 50', 'Antfin likely to offload entire stake in Eternal for Rs 5,375 crore via block deal: CNBC-Awaaz', 'Bharat Heavy Electricals shares fall 2.03% in early trade; stock among top losers on Nifty Midcap 150', 'Larsen & Toubro shares trade flat; over 4.1 lakh shares traded', 'Hero MotoCorp Q1 net profit flat at Rs 1,126 crore, but beats estimates', ""Glenmark Pharma share price falls 2.01% in Wednesday's trading session"", ""Alkem Laboratories shares fall 2.02% in Wednesday's trading session"", 'Hold Gujarat Fluorochemicals; target of Rs 3580: Prabhudas Lilladher', ""Gujarat Fluorochemicals shares surge 2.02%, among top midcap gainers with high volume in today's session"", 'Buy Aurobindo Pharma; target of Rs 1300: Prabhudas Lilladher', 'Pidilite Industries Q1 FY26 Net Profit Rises 18.61% YoY to ?672.41 Crore', 'Buy Aurobindo Pharma; target of Rs 1300: Motilal Oswal', 'Buy Marico; target of Rs 850: Anand Rathi', 'Neutral Navin Fluorine International; target of Rs 5100: Motilal Oswal', 'Bulk deals: Envestcom Holding sells 1.83% stake in Adani Energy Solutions', 'Gokaldas Export Standalone June 2025 Net Sales at Rs 638.22 crore, up 13.17% Y-o-Y', 'Buy DLF; target of Rs 1005: Motilal Oswal', ""Godrej Properties share price falls over 2% in Wednesday's session"", 'DLF share price falls 2.09% in morning trade', 'Raj Rayon Ind Standalone June 2025 Net Sales at Rs 260.19 crore, up 28.67% Y-o-Y']",-67.14999999999782,0,28,UP,1
2025-08-05,24720.25,24733.1,24590.3,24649.55,251849778.0,23815.36,2025-08-05,"['Buy Coal India; target of Rs 450: Sharekhan', 'Tata Consultancy Services shares decline marginally after change in last 1 hour', ""Sensex declines 300 pts, Nifty below 24,650: Trump's renewed tariff threat among key factors behind market fall"", 'Bharti Airtel Q1 results: Net profit rises 43% YoY to Rs 5,948 crore, but misses estimates', ""Bajaj Finance shares trade flat in today's session; over 27.5 lakh shares traded"", 'Bharti Airtel shares among top gainers on Nifty 50, rise 0.98%', 'TCS hires US-based firm to recruit contractual workers, says report', 'ITC Standalone June 2025 Net Sales at Rs 19,749.91 crore, up 16.18% Y-o-Y', 'Adani Ports Q1 results: Net profit rises 7% to Rs 3,315 crore, beats estimates', 'Buy ITC; target of Rs 505: Sharekhan', ""Hindustan Unilever shares fall 0.54% in today's session; over 3.5 lakh shares traded"", 'Trent Q1 Preview: Weak demand, strong competition may impact profit growth', ""ITC shares fall marginally in today's session; over 25.9 lakh shares traded"", 'Tech Mahindra Announces Special Window for Physical Share Transfers', 'IndusInd Bank shares jump 5% as RBI approves appointment of Rajiv Anand as new CEO', 'UBS initiates coverage on BHEL, Waaree, Suzlon, Premier Energies; sees up to 40% upside', 'Hold ABB India; target of Rs 4850: ICICI Securities', 'Buy Maruti Suzuki India; target of Rs 14,312: Deven Choksey', 'ABB India Standalone June 2025 Net Sales at Rs 3,175.44 crore, up 12.17% Y-o-Y', 'Buy ABB India; target of Rs 6000: Motilal Oswal', 'Buy Adani Power; target of Rs 669: ICICI Securities', 'Trade Spotlight: How should you trade Kaynes Technology, Jindal Stainless, Hero MotoCorp, CCL Products, Grasim Industries and others on August 5?', 'Max Health, Indigo may join Nifty 50; Swiggy, Dabur to exit Nifty Junior: Nuvama', ""Larsen &Toubro shares gain 0.64% in today's session"", 'Bosch Standalone June 2025 Net Sales at Rs 4,788.60 crore, up 10.93% Y-o-Y', 'Infosys share price declines 1.22% in intraday trade', 'Hold Nestle India: target of Rs 2400: ICICI Securities', 'Accumulate ABB India; target of Rs 5600: Prabhudas Lilladher', 'Stocks to Watch Today: Paytm, Aurobindo Pharma, Aditya Infotech, DLF, Siemens Energy, Inox India, Godfrey Phillips, Azad Engineering in focus on 5 August', 'For IndusInd Bank, biggest challenge will be to balance growth with credibility: Abizer Diwanji', 'Buy Power Grid Corporation of India; target of Rs 365: ICICI Securities', ""Larsen & Toubro shares trade flat in Tuesday's session"", 'Buy Power Grid Corporation of India; target of Rs 345: Motilal Oswal', 'Buy Mankind Pharma; target of Rs 2990: Motilal Oswal', 'Azad Eng Standalone June 2025 Net Sales at Rs 134.51 crore, up 36.69% Y-o-Y', ""Glenmark Pharma share price falls 2.06% in today's session"", 'Accumulate Marico; target of Rs 743: Prabhudas Lilladher', ""Voltas share price drops 2.07% in today's session"", 'Vishnu Chemical Standalone June 2025 Net Sales at Rs 262.51 crore, up 1.68% Y-o-Y', 'Balaji Amines Standalone June 2025 Net Sales at Rs 319.38 crore, down 4.04% Y-o-Y', 'Vishnu Chemical Consolidated June 2025 Net Sales at Rs 346.92 crore, up 2.37% Y-o-Y', 'Buy Marico; target of Rs 825: Motilal Oswal', 'Buy NMDC; target of Rs 84: Motilal Oswal', ""Pidilite Industries shares rise 2.07% in Tuesday's trading session"", 'Buy Tube Investments of India; target of Rs 3515: Motilal Oswal', 'Balaji Amines Consolidated June 2025 Net Sales at Rs 358.34 crore, down 6.86% Y-o-Y', 'Aurobindo Pharm Standalone June 2025 Net Sales at Rs 2,848.17 crore, up 15.78% Y-o-Y', 'Marico Standalone June 2025 Net Sales at Rs 2,281.00 crore, up 20.94% Y-o-Y', ""What led to the selloff in PB Fintech shares: IRDAI's regulatory action explained"", 'Buy Godrej Properties; target of Rs 2843: Motilal Oswal', 'Hold PB Fintech: target of Rs 1840: ICICI Securities', 'Paytm shares flat as 2.9% equity changes hands via block deal, Antfin likely seller', 'Bulk deals: Antfin exits Paytm, Invesco MF buys Rs 101 crore worth shares in Aditya Infotech', 'Buy Godrej Properties; target of Rs 2603: ICICI Securities', 'DLF Standalone June 2025 Net Sales at Rs 467.82 crore, up 15.42% Y-o-Y', 'PB Fintech shares fall after disclosure shows fine by IRDAI over regulatory lapses', 'Godrej Prop Consolidated June 2025 Net Sales at Rs 434.56 crore, down 41.2% Y-o-Y']",-70.70000000000073,0,62,UP,1
2025-08-04,24596.05,24736.25,24554.0,24722.75,259329477.0,20372.68,2025-08-04,"['Buy ITC; target of Rs 500: Motilal Oswal', 'Buy ITC; target of Rs 530: Prabhudas Lilladher', 'Sensex settles 400 pts higher, Nifty above 24,700: Rally in metal, auto shares among key factors behind market rebound', ""ITC shares gain marginally in today's session; over 90.8 lakh shares traded"", ""Bharti Airtel shares gain 0.64% in today's session; over 3.3 lakh shares traded"", 'Trade Spotlight: How should you trade Star Cement, Fortis Healthcare, Vimta Labs, Hitachi Energy, Metropolis Healthcare and others on August 4?', 'Sun Pharma: Raksha Valia Pledges 6,50,000 Shares', 'Buy Adani Ports and SEZ; target of Rs 1700: Motilal Oswal', 'Accumulate Tata Steel; target of Rs 177: Prabhudas Lilladher', 'ITC shares gain following in-line Q1 show, should you buy, sell or hold?', 'Buy Coal India; target of Rs 480: Motilal Oswal', 'Hold Bharat Electronics; target of Rs 374: Prabhudas Lilladher', 'Accumulate SBI Life Insurance Company; target of Rs 1975: Deven Choksey', 'ITC shares gain 0.86% in morning trade; over 56 lakh shares traded', 'Buy Hindustan Unilever; target of Rs 2832: Sharekhan', 'Accumulate Hindustan Unilever; target of Rs 2686: Prabhudas Lilladher', 'Hindustan Unilever share price trades flat; touches intraday high of Rs 2,583.20', ""Bharti Airtel shares gain 0.75% in Monday's trading session"", ""Tata Consultancy Services share price rises marginally in today's session"", 'Buy Sun Pharmaceutical Industries; target of Rs 1875: Prabhudas Lilladher', ""Adani Ports and Special Economic Zone shares rise 2.03% in today's session"", 'Auto stocks jump on strong July sales, positive Q1 earnings; Hero MotoCorp, TVS Motor, M&M shares rise up to 3%', 'Adani Enterprises denies report of partnering with Chinese companies BYD and Beijing Welion', 'Buy Hindustan Unilever; target of Rs 3000: Motilal Oswal', 'Hindustan Aeronautics shares rise 2.01% in morning trade', ""Hindustan Unilever shares fall marginally in Monday's trading session"", 'Buy Sun Pharma; target of Rs 1960: Motilal Oswal', 'GRSE, BEML, other defence shares rise up to 3% as investors buy the dip after slump in 7 out of 8 sessions', 'Buy Maruti Suzuki; target of Rs 14476: Motilal Oswal', 'Infosys share price declines marginally in intraday trade', 'Hold Avenue Supermarts; target of Rs 3994: Prabhudas Lilladher', 'Buy Ambuja Cements; target of Rs 730: Motilal Oswal', 'Bosch shares hit 52-week high of Rs 40,985 on NSE', 'ABB India shares 6 percent lower on muted outlook for large orders, forex volatility', ""Infosys share price falls marginally in today's session"", 'Larsen & Toubro shares gain 0.59% in morning trade; over 1.8 lakh shares traded', 'JSW Steel-JFE JV to expand capacity to 350,000 TPA at investment of Rs 5,485 crore', 'Stocks to Watch Today: ABB India, Dilip Buildcon, ITC, Railtel Corp, Hero MotoCorp, Delhivery, MCX, Muthoot Capital, Harsha Engineers in focus on 4 August', 'Buy Ambuja Cement; target of Rs 685: Prabhudas Lilladher', 'ABB India shares decline 3.17% amid volume surge', ""Larsen & Toubro shares rise 1.19% in Monday's trading session"", 'RailTel Corporation shares rise 2% on order win worth Rs 166 crore from BSNL', 'Accumulate Navin Fluorine International; target of Rs 5559: Prabhudas Lilladher', 'Vedanta shares rise 2.05% on Nifty Next 50', 'Hold Aarti Industries; target of Rs 420: Prabhudas Lilladher', ""Mankind Pharma shares rise 2.17% in today's session"", 'Buy JB Chemicals and Pharmaceuticals; target of Rs 2030: Prabhudas Lilladher', 'Alibaba entity launches block deal to sell 5.84% stake in Paytm for Rs 3,800 crore; marking full exit for Chinese investor', 'PC Jeweller Standalone June 2025 Net Sales at Rs 724.91 crore, up 80.98% Y-o-Y']",126.70000000000073,1,68,UP,1
2025-08-01,24734.9,24784.15,24535.05,24565.35,263357194.0,24972.45,2025-08-01,"[""ITC share price gain 1.27% in friday's trading session"", 'Bharti Airtel shares decline marginally in early trade', 'Tata Consultancy Services shares fall marginally in early trade', 'HUL shares jump 12% in 2 days as brokerages hike target prices after Q1 results: Should you buy, sell or hold?', 'Stocks to Watch Today: Coal India, Shanti Gold, Swiggy, PB Fintech, Chalet Hotels, RR Kabel, JSW Energy, Aarti Industries, ITC, Eicher Motors in focus on 1 August', 'ITC shares gain 0.64% in morning trade', 'ITC Q1 results: Net profit flat at Rs 4,912 crore, misses estimates', 'Bharti Airtel share price falls 1.39%', 'Coal India Consolidated June 2025 Net Sales at Rs 35,842.19 crore, down 1.71% Y-o-Y', 'Trade Spotlight: How should you trade Bayer Cropscience, Jindal Stainless, General Insurance Corp, HUL, Bharti Hexacom, JSW Steel and others on August 1?', ""ITC shares gain 1.63% in Friday's trading session"", 'Tata Steel Netherland hopeful of completing restructuring by September', ""Coal India shares decline marginally amid high volume in today's session"", 'Oil and Natural Gas Corporation shares fall 2.22% in early trade', 'Adani Enterpris Consolidated June 2025 Net Sales at Rs 21,961.20 crore, down 13.78% Y-o-Y', ""Trent shares rise 2.07% in Friday's trading session"", 'Hindustan Unilever shares surge 4.32% in early trade', 'Pharma stocks slump as Trump shoots letters to 17 global drug majors seeking lower prices', 'Coal India Standalone June 2025 Net Sales at Rs 355.31 crore, down 8.83% Y-o-Y', 'Bharti Airtel share price falls 0.27% in morning trade', 'Buy Bharat Electronics; target of Rs 445: Sharekhan', 'Sun Pharma Consolidated June 2025 Net Sales at Rs 13,851.40 crore, up 9.47% Y-o-Y', 'HUL Consolidated June 2025 Net Sales at Rs 16,514.00 crore, up 5.14% Y-o-Y', 'Sun Pharma shares tumble 4% post-Q1 results; should you buy, sell or hold?', ""Tata Consultancy Services shares fall 0.47% in today's session; over 3.3 lakh shares traded"", 'Tata Steel is largely expected to be immune from US tariff threats to its Indian operations', ""Sensex settles 600 pts lower, Nifty below 24,600: Trump's tariffs among key factors behind market fall"", 'Maruti Suzuki Consolidated June 2025 Net Sales at Rs 38,605.20 crore, up 7.9% Y-o-Y', 'Ambuja Cements Consolidated June 2025 Net Sales at Rs 10,289.07 crore, up 23.79% Y-o-Y', ""Adani Power Q1 results: Net profit falls 13.5% to Rs 3,385 crore, firm's board OKs 1:5 stock split"", 'ABB India share price falls 2.01%', 'Adani Power Standalone June 2025 Net Sales at Rs 12,461.50 crore, up 9.37% Y-o-Y', ""Infosys shares fall 1.12% in today's session; over 14 lakh shares traded"", 'L&T Secures Large EPC Contract  worth Rs 2,000-5,000 crore from Hindustan Zinc', 'Eicher Motors shares rise 2.13% in early trade', 'Mahindra Auto Sells 49,871 SUVs, Total Volumes Up 26% in July 2025', 'Adani Power Q1 FY26 Net Profit Falls 15.5% On-Year to ?3,305 Crore', 'Eicher Motors Standalone June 2025 Net Sales at Rs 4,908.41 crore, up 16% Y-o-Y', 'Maruti Suzuki Standalone June 2025 Net Sales at Rs 38,413.60 crore, up 8.11% Y-o-Y', 'Mahindra and Mahindra shares fall 2.09% in early trade', 'Eicher Motors Consolidated June 2025 Net Sales at Rs 5,041.84 crore, up 14.77% Y-o-Y', 'Buy Mahindra And Mahindra; target of Rs 3682: LKP Research', 'Ambuja Cements shares rise 2% on positive brokerage notes after Q1 results: Should you buy, sell or hold?', 'Larsen & Toubro shares fall 0.91% in early trade', 'Buy Larsen and Toubro; target of Rs 4135: LKP Research', 'Tube Investment Standalone June 2025 Net Sales at Rs 2,006.60 crore, up 2.36% Y-o-Y', 'Mankind Pharma Consolidated June 2025 Net Sales at Rs 3,570.35 crore, up 23.4% Y-o-Y', 'Glenmark Pharma share price falls 2.02% in early trade', 'Mankind Pharma Standalone June 2025 Net Sales at Rs 2,541.36 crore, up 5.75% Y-o-Y', 'Lupin shares fall 2.06% in early trade on Nifty Midcap 150, among top midcap losers', 'Aarti Ind Consolidated June 2025 Net Sales at Rs 1,675.00 crore, down 9.69% Y-o-Y', 'Vedanta Consolidated June 2025 Net Sales at Rs 37,824.00 crore, up 5.76% Y-o-Y', 'IDFC First shareholders grant Warburg affiliate board seat, reversing earlier decision', 'Zydus Lifesciences shares fall 2.01% in early trade', 'Aurobindo Pharma share price falls 2.22% in early trade', 'Aarti Ind Standalone June 2025 Net Sales at Rs 1,636.00 crore, down 11.49% Y-o-Y', 'Guj Heavy Chem Consolidated June 2025 Net Sales at Rs 795.87 crore, down 4.17% Y-o-Y', 'Paushak Ltd Standalone June 2025 Net Sales at Rs 55.88 crore, up 7.44% Y-o-Y', 'Gland Pharma share price falls 2.27% in early trade; stock among top midcap losers', 'Mankind Pharma shares rise 2.19% in early trade', 'NMDC shares rise 2.19% in early trade', 'PB Fintech Standalone June 2025 Net Sales at Rs 40.19 crore, up 33.65% Y-o-Y', 'PB Fintech Consolidated June 2025 Net Sales at Rs 1,347.99 crore, up 33.4% Y-o-Y', 'Bulk deals: SR Foundation buys half a percent stake in Belrise Industries', 'Shanti Gold shares list at 14% premium over IPO price on NSE; check post-listing strategy', 'Godrej Prop Standalone June 2025 Net Sales at Rs 106.07 crore, down 44.02% Y-o-Y', 'Textile stocks extend losses after Trump tariffs; Gokaldas Exports, Pearl Global, KPR Mill down up to 6%', 'Shanti Gold International shares close with over 15% premium on market debut']",-169.5500000000029,0,27,UP,1
2025-07-31,24642.25,24956.5,24635.0,24768.35,346303628.0,30477.71,2025-07-31,"['Bharti Airtel shares decline 0.55% today', 'Tata Steel Standalone June 2025 Net Sales at Rs 31,014.36 crore, down 5.9% Y-o-Y', 'Adani Enterprises shares decline 1.77% amid high volume', ""Nifty Bank jumps 1.4% from day's low as markets shrug off Trump tariff jitters; ICICI, Kotak Mahindra Bank lead recovery"", 'Sensex settles 500 pts higher from day\x92s low, Nifty above 24,750: 5 key reasons behind market recovery', 'HUL Standalone June 2025 Net Sales at Rs 15,931.00 crore, up 3.86% Y-o-Y', ""ITC shares rise 1.53% in today's session"", ""IT, metal, realty stocks tumble up to 4% as Trump's tariffs, FOMC meet outcome weigh"", 'Buy NTPC; target of Rs 439: ICICI Securities', ""Tata Consultancy Services share price trades marginally higher in today's session"", ""Hindustan Unilever shares gain 4.49%; hits day's high"", 'Adani Enterpris Standalone June 2025 Net Sales at Rs 5,875.60 crore, down 24.68% Y-o-Y', 'Tata Steel Consolidated June 2025 Net Sales at Rs 53,178.12 crore, down 2.91% Y-o-Y', 'Buy Bharat Electronics; target of Rs 490: Motilal Oswal', 'Indus Towers\x92 Q1 profit slumps 9.8% despite Vodafone Idea payments', ""Sensex falls over 600 pts, Nifty below 24,700: Trump's tariffs on India among key factors behind market decline"", 'HUL flags optimistic near-term consumption outlook, aided by macro tailwinds', 'Sun Pharma Standalone June 2025 Net Sales at Rs 5,601.96 crore, up 24.54% Y-o-Y', ""Larsen & Toubro shares trade flat; touch day's high of Rs 3,662.90"", 'Buy Adani Green Energy; target of Rs 1230: ICICI Securities', 'Eicher Motors Q1 results: Net profit rises 9% to Rs 1,205 crore', 'Ambuja Cements Q1 Results: Net profit jumps 23% to Rs 788 crore, shares drop 2%', 'Maruti Suzuki Q1 results: Net profit rises 2% to Rs 3,712 crore, beats estimates', 'M&M Consolidated June 2025 Net Sales at Rs 45,529.19 crore, up 22.33% Y-o-Y', 'Buy Mahindra and Mahindra; target of Rs 3687: Motilal Oswal', ""Infosys share price rises marginally in Thursday's trading session"", ""Fit case to recall judgment, consider matter afresh: SC bench on JSW Steel and lenders' plea"", 'Power Grid Corp Consolidated June 2025 Net Sales at Rs 11,196.22 crore, up 1.73% Y-o-Y', 'Buy Larsen and Toubro; target of Rs 4450: ICICI Securities', 'Power Grid Corp Standalone June 2025 Net Sales at Rs 9,928.23 crore, down 1.39% Y-o-Y', 'Buy Avenue Supermarts; target of Rs 4950: Motilal Oswal', 'Ambuja Cements Standalone June 2025 Net Sales at Rs 5,514.70 crore, up 22.12% Y-o-Y', 'Ambuja Cements shares fall 2.19% in afternoon trade', 'M&M Standalone June 2025 Net Sales at Rs 34,142.96 crore, up 25.84% Y-o-Y', 'Jio Financial Services approves Rs 15,825 crore capital raise via preferential warrants to promoters', 'Vedanta Standalone June 2025 Net Sales at Rs 18,829.00 crore, up 12.65% Y-o-Y', 'Buy Chemplast Sanmar; target of Rs 515: ICICI Securities', 'Vedanta Q1 net profit falls 12% to Rs 3,185 crore; declares Rs 7 dividend', 'Navin Fluorine Standalone June 2025 Net Sales at Rs 542.95 crore, up 44.29% Y-o-Y', ""Deepak Nitrite shares fall 2.04% in today's session"", 'Sell RailTel Corporation of India; target of Rs 255: ICICI Securities', 'Mankind Pharma net drops 17.4% YoY to Rs 445 crore in Q1FY26', 'INDUS TOWERS Standalone June 2025 Net Sales at Rs 8,057.60 crore, up 9.14% Y-o-Y', 'Navin Fluorine Consolidated June 2025 Net Sales at Rs 725.40 crore, up 38.52% Y-o-Y', 'Buy Punjab National Bank; target of Rs 130: Motilal Oswal', 'JB Chemicals Standalone June 2025 Net Sales at Rs 1,039.90 crore, up 9.2% Y-o-Y', 'Sagility India Consolidated June 2025 Net Sales at Rs 1,538.94 crore, up 25.8% Y-o-Y', 'INDUS TOWERS Consolidated June 2025 Net Sales at Rs 8,057.60 crore, up 9.14% Y-o-Y', 'Sagility India Standalone June 2025 Net Sales at Rs 472.66 crore, up 22.17% Y-o-Y', 'JB Chemicals Consolidated June 2025 Net Sales at Rs 1,093.94 crore, up 8.91% Y-o-Y', 'Guj Heavy Chem Standalone June 2025 Net Sales at Rs 795.87 crore, down 4.17% Y-o-Y', 'Trade Spotlight: How should you trade RBL Bank, Coromandel International, PI Industries, TD Power, HDFC AMC, Cochin Shipyard and others on July 31?', 'Buy Piramal Pharma; target of Rs 265: ICICI Securities', ""Trump's tariff impact: Gokaldas Exports, Pearl Global, other textile stocks fall up to 9%"", 'Mayur Uniquoter Consolidated June 2025 Net Sales at Rs 215.88 crore, up 1.26% Y-o-Y', 'Mayur Uniquoter Standalone June 2025 Net Sales at Rs 206.41 crore, up 5.99% Y-o-Y', 'Meera Industrie Consolidated June 2025 Net Sales at Rs 10.52 crore, up 6.16% Y-o-Y', 'Meera Industrie Standalone June 2025 Net Sales at Rs 9.48 crore, down 4.34% Y-o-Y']",126.09999999999854,1,81,UP,1
2025-07-30,24890.4,24902.3,24771.95,24855.05,243886726.0,23525.25,2025-07-30,"[""ITC shares fall marginally in today's session; over 52.4 lakh shares traded"", 'HAL Announces AGM on August 28 and Sets Record Date for Final Dividend', 'Merchant bankers tasked to bring foreign capital into PSU banks during upcoming QIPs', 'Hindustan Unilever share price declines 1% in morning trade', 'Trade Spotlight: How should you trade Lupin, State Bank of India, Tata Chemicals, Syngene International, PI Industries, Escorts Kubota and others on July 30?', 'Hindustan Unilever shares fall 0.91% in early trade', ""Bharti Airtel shares gain 0.61% in today's session"", 'Asian Paints Consolidated June 2025 Net Sales at Rs 8,938.55 crore, down 0.35% Y-o-Y', ""HAL sets record date for Rs 15 per share final dividend; announces AGM to seek shareholders' nod"", 'ITC Q1 Preview: Cigarettes may report stable volumes, profit growth likely flat', 'Bharti Airtel shares gain 0.68% in early trade', 'NTPC Standalone June 2025 Net Sales at Rs 42,572.62 crore, down 4.16% Y-o-Y', ""Hindustan Unilever shares decline marginally in today's session"", 'Hindustan Unilever Q1 Preview: Profit likely to remain flat as margins may see sharp contraction', 'Stocks to Watch Today: Indiqube Spaces, GNG Electronics, Dilip Buildcon, GMR Airports, Ask Automotive, GE Vernova, IGI India, L&T in focus on 30 July', 'NTPC Consolidated June 2025 Net Sales at Rs 47,065.36 crore, down 3% Y-o-Y', 'Asian Paints Standalone June 2025 Net Sales at Rs 7,868.45 crore, down 0.17% Y-o-Y', 'Infosys targetting everything to be AI-first, hiring to support guidance: CEO Salil Parekh amid TCS layoffs', ""Tata Consultancy Services shares trade flat in Wednesday's session"", 'ITC share price falls marginally in early trade', 'Buy, hold or sell? Analysts revise IT calls amid headcount woes, AI, disappointing Q1', 'Tata Steel Q1 results: PAT rises 116% to Rs 2,078 crore with safeguard duty support', ""Bharti Airtel shares gain 0.79% in today's session; over 16.7 lakh shares traded"", ""ITC shares fall 0.55% in Wednesday's trading session"", 'Reduce Asian Paints; target of Rs 2248: Prabhudas Lilladher', 'Infosys shares fall marginally in early trade', 'Buy Larsen and Toubro; target of Rs 4144: Prabhudas Lilladher', 'Mahindra & Mahindra to declare Q1 results today instead of tomorrow', 'Sell Dr Reddys Laboratories; target of Rs 1120: Deven Choksey', 'Bosch shares hit all-time high in early trade, pare gains to slip into red', 'DMart rallies 6 percent on ambitious store addition plan, plays down quick commerce threat', 'M&M Q1 results: Net profit rises 32% to Rs 3,450 crore, beats estimates', 'ABB India earnings preview: Muted margins may offset strong revenue growth; high base also in play', ""L&T shares jump 4% after firm's Q1 earnings beat estimates: Should you buy, sell or hold?"", ""Infosys shares fall marginally in today's session; over 9.3 lakh shares traded"", 'Larsen Standalone June 2025 Net Sales at Rs 33,470.73 crore, up 10.54% Y-o-Y', ""Avenue Supermarts shares rise 2.23% in Wednesday's session"", 'Larsen & Toubro shares surge 4.90%; stock among top gainers on Nifty 50', 'Larsen Consolidated June 2025 Net Sales at Rs 63,678.92 crore, up 15.53% Y-o-Y', 'ABB India Partners with THINK Gas to Drive Digital Innovation in City Gas', 'Welspun Corp Standalone June 2025 Net Sales at Rs 1,828.35 crore, down 11.78% Y-o-Y', 'Abbott India reboots Digene: old-school antacid, new school vibe', 'Tube Investments of India shares rise 2% in morning trade', 'Vedanta to Transfer Unclaimed Dividends and Redemption Amounts to IEPF, Sets Deadline', 'Reduce Laxmi Organic Industries; target of Rs 179: Prabhudas Lilladher', 'Welspun Corp Consolidated June 2025 Net Sales at Rs 3,551.49 crore, up 13.2% Y-o-Y', 'Samvardhana Motherson International shares fall 2.02% in early trade', 'Hold Steel Authority of India: target of Rs 120: ICICI Securities', 'Deepak Fert Consolidated June 2025 Net Sales at Rs 2,658.75 crore, up 16.54% Y-o-Y', 'Laxmi Organic Consolidated June 2025 Net Sales at Rs 692.93 crore, down 3.51% Y-o-Y', 'Buy Piramal Pharma; target of Rs 240: Motilal Oswal', 'Deepak Fert Standalone June 2025 Net Sales at Rs 583.66 crore, up 29.08% Y-o-Y', 'Tube Investments of India shares trade flat amid volume surge', 'Golkunda Diamon Standalone June 2025 Net Sales at Rs 69.44 crore, up 15.72% Y-o-Y', 'Arvind Standalone June 2025 Net Sales at Rs 1,811.89 crore, up 7.35% Y-o-Y', 'Siyaram Silk Standalone June 2025 Net Sales at Rs 388.50 crore, up 26.75% Y-o-Y', 'Siyaram Silk Consolidated June 2025 Net Sales at Rs 389.48 crore, up 26.94% Y-o-Y']",-35.35000000000218,0,77,UP,1
2025-07-29,24609.65,24847.15,24598.6,24821.1,284657235.0,25954.42,2025-07-29,"['Coal India Q1 preview: Revenue, operating profit likely to dip on weak volumes, higher costs', 'TCS shares hit 52-week low on BSE, fall 0.8%', 'Bharti Airtel quarterly results to be announced on August 5', 'Bharat Elec Standalone June 2025 Net Sales at Rs 4,416.83 crore, up 5.19% Y-o-Y', 'Bharat Electronics shares fall 2.04% in early trade', ""Hindustan Unilever shares trade flat; off day's high, off day's low"", 'Trade Spotlight: How should you trade TCS, Cipla, Torrent Pharma, NCC, Paytm, SBI Life Insurance, UPL, Syrma SGS Technology and others on July 29?', 'Bharat Elec Consolidated June 2025 Net Sales at Rs 4,439.74 crore, up 4.62% Y-o-Y', 'Tata Chemicals Consolidated June 2025 Net Sales at Rs 3,719.00 crore, down 1.85% Y-o-Y', 'Bharti Airtel share price rises 0.46% in early trade', 'Asian Paints Q1 results: Net profit declines 6% to Rs 1,100 crore, in line with estimates', 'Buy Bajaj Finance; target of Rs 1000: Sharekhan', 'Buy Cipla; target of Rs 1800: ICICI Securities', 'Asian Paints sees single-digit volume, value growth in near-term: CEO Amit Syngle', ""Tata Consultancy Services shares fall 1.07% in today's session; over 30.7 lakh shares traded"", 'Buy Titan Company; target of Rs 3830: Prabhudas Lilladher', 'NTPC, NHPC, SJVN ordered to mandate India-made solar cells in renewable power bids', 'Tata Consultancy Services shares fall 0.98% in morning trade', 'Hold Shriram Finance; target of Rs 650: Prabhudas Lilladher', 'Buy Hindustan Aeronautics; target of Rs 5950: Anand Rathi', 'Hindustan Unilever shares gain 0.40% in early trade', ""Bharti Airtel shares gain 1.48% in today's session"", 'Buy SBI Life Insurance Company; target of Rs 2140: ICICI Securities', 'Markets snap 3-day fall: Sensex up 450 points, Nifty above 24,800; value buying among key factors behind market rebound', 'Hold Shriram Finance: target of Rs 640: ICICI Securities', 'Hindustan Unilever to announce quarterly results on July 31', ""ITC shares decline marginally in today's session"", 'Defence shares fall up to 6% on muted Mazagon Dock, Paras Defence Q1 results, extend decline to 5th day', 'ITC shares: Quarterly results announcement expected on August 1', 'Buy Cipla; target of Rs 1730: Prabhudas Lilladher', 'Hindustan Unilever Q1 Preview: Profit likely to remain flat as margins may see sharp contraction', 'Stocks to Watch Today: IndusInd Bank, Waaree Energies, NTPC Green, KEC, Torrent Pharma, PNC Infra, RPSG Ventures, Monarch Surveyors in focus on 29 July', 'Adani Power to Consider Stock Split on August 1, 2025', 'L&T Wins Ultra-Mega Order for Hydrocarbon Offshore Business', ""HDFC Bank shares gain 0.53% in today's session; over 60.8 lakh shares traded"", 'Adani Total Gas Standalone June 2025 Net Sales at Rs 1,371.70 crore, up 19.95% Y-o-Y', 'Infosys share price falls 0.60% in morning trade', 'Adani Green Ene Consolidated June 2025 Net Sales at Rs 3,800.00 crore, up 34.09% Y-o-Y', 'Adani Total Gas Consolidated June 2025 Net Sales at Rs 1,378.58 crore, up 20.35% Y-o-Y', 'Hold Jio Financial Services; target of Rs 325: Deven Choksey', ""SC agrees to open court hearing of JSW Steel's review petition against scrapping of BSPL resolution: CNBC-TV18"", 'Buy Bank of Baroda; target of Rs 275: Sharekhan', 'Buy Kotak Mahindra Bank; target of Rs 2350: Prabhudas Lilladher', 'Infosys shares fall 0.71%; stock among top losers on Nifty 50', 'Adani Green Ene Standalone June 2025 Net Sales at Rs 4,789.00 crore, up 41.56% Y-o-Y', 'Adani Power board to mull stock split on Friday, shares rise 3.5%', 'Buy Bank of Baroda; target of Rs 270: Prabhudas Lilladher', 'Infosys shares fall 0.96% in early trade', 'Buy Kotak Mahindra Bank; target of Rs 2570: ICICI Securities', 'Infosys shares among top losers on Nifty 50, decline 0.39%', 'Ajanta Pharma Consolidated June 2025 Net Sales at Rs 1,302.65 crore, up 13.78% Y-o-Y', 'Mazagon Dock Consolidated June 2025 Net Sales at Rs 2,625.59 crore, up 11.39% Y-o-Y', 'Paras Defence Consolidated June 2025 Net Sales at Rs 93.19 crore, up 11.51% Y-o-Y', 'Railtel Standalone June 2025 Net Sales at Rs 743.81 crore, up 33.27% Y-o-Y', 'Piramal Pharma Consolidated June 2025 Net Sales at Rs 1,933.71 crore, down 0.89% Y-o-Y', 'Hold Steel Authority of India; target of Rs 133: Prabhudas Lilladher', 'Ajanta Pharma Standalone June 2025 Net Sales at Rs 1,208.56 crore, up 12.19% Y-o-Y', 'SAIL Consolidated June 2025 Net Sales at Rs 25,921.76 crore, up 8.02% Y-o-Y', 'Mazagon Dock Standalone June 2025 Net Sales at Rs 2,625.59 crore, up 11.39% Y-o-Y', 'CHEMPLAST SANMA Standalone June 2025 Net Sales at Rs 495.28 crore, down 11.53% Y-o-Y', 'Laxmi Organic Standalone June 2025 Net Sales at Rs 671.91 crore, down 6.35% Y-o-Y', 'Buy IDFC FIRST Bank; target of Rs 80: ICICI Securities', 'Nifty Smallcap index extends losses to 9th straight day as valuation concerns weigh; Zen Tech, IEX, GRSE slide up to 5%', 'Q1 Results impact: Mazagon Dock shares plunge 5%; Paradeep Phosphates, Waaree Energies rally up to 14%', 'Archean Chem Standalone June 2025 Net Sales at Rs 278.63 crore, up 31.95% Y-o-Y', 'CHEMPLAST SANMA Consolidated June 2025 Net Sales at Rs 1,099.90 crore, down 3.93% Y-o-Y', 'Max Healthcare Institute shares rise 1.54% amid high volume', 'Archean Chem Consolidated June 2025 Net Sales at Rs 292.36 crore, up 37.46% Y-o-Y', 'NTPC Green Ener Standalone June 2025 Net Sales at Rs 560.33 crore, up 2.93% Y-o-Y', 'NTPC Green Ener Consolidated June 2025 Net Sales at Rs 680.21 crore, up 17.59% Y-o-Y', 'Ajanta Pharma shares rise 2.09% on Nifty Midcap 150', 'Mazagon Dock Shipbuilders shares fall 4.79% in early trade; stock among top losers on Nifty Midcap 150', 'Jindal Stainless shares rise 2.53% in early trade; stock among top gainers on Nifty Midcap 150', 'DLF shares rise 2.09% in morning trade', 'Arvind Consolidated June 2025 Net Sales at Rs 2,006.32 crore, up 9.6% Y-o-Y']",211.4499999999971,1,53,UP,1
2025-07-28,24782.45,24889.2,24646.6,24680.9,262142969.0,24976.54,2025-07-28,"['Hindustan Unilever shares among top gainers on Nifty 50, rise 1.26%', 'Tata Consultancy Services shares fall 1.42%; among top losers on Nifty 50', 'Sensex settles nearly 600 pts lower, Nifty below 24,700: FII selling, rising India VIX among key factors behind market fall', 'BEL Q1 Net Profit Stands at ?969.13 Crore, Up 24.9% YoY', 'Asian Paints Q1 Preview: Tepid demand to weigh on sales, profit may slip in mid-single digits', 'Bajaj Finserv shares rise 2% after Q1 net profit jumps 30% to Rs 2,789 crore: Should you buy, sell or hold?', 'Bharti Airtel shares fall 0.81% in early trade', ""ITC shares trade flat in today's session; over 53.4 lakh shares traded"", 'Stocks to Watch Today: Kotak Bank, CDSL, Balkrishna Ind, Orient Cement, Tata Chemicals, Poonawalla Fincorp, VA Tech Wabag, RITES in focus on 28 July', 'Bharti Airtel shares fall 0.85%; stock among top losers on Nifty 50', 'IndusInd Bank, BEL, Waaree Energies shares fall up to 2% ahead of Q1 results', 'TCS job cuts worry brokerages as execution, attrition concerns emerge, stock slips', 'Bharti Airtel shares fall 1.82% in morning trade', 'Bajaj Finance share price falls 0.95% in early trade', 'Tata Chemicals Standalone June 2025 Net Sales at Rs 1,169.00 crore, up 11.65% Y-o-Y', 'Bharat Electronics Q1 Results: Net profit jumps 23% to Rs 970 crore, beats estimate', 'Tata Consultancy Services shares fall 1.55% in early trade', ""Hindustan Unilever shares gain 1.18% in today's session; over 1.19 lakh shares traded"", 'Neutral Bajaj Finance; target of Rs 1000: Motilal Oswal', 'Buy SBI Life Insurance; target of Rs 2140: Motilal Oswal', ""'Sholay days of IT are over': CP Gurnani says TCS layoffs show focus towards outcome, not headcount"", 'Hindustan Unilever shares rise 0.13% in early trade', ""Tata Consultancy Services shares decline 1.03% in Monday's trading session"", ""Cipla shares rise 2.09% in Monday's trading session"", 'Q1 Results impact: SAIL, Whirlpool shares tumble up to 5% after June quarter earnings, Tata Chemicals rises 2%', 'Tata Consultancy Services shares decline 1.17%; stock among top losers on Nifty 50', 'India crossed coal production target of 1 billion tonnes in a year for the first time ever', 'IndusInd Bank Q1 results: Standalone net profit falls 68% to Rs 684 crore, but beats estimates', 'Adani Green Energy Q1 net profit jumps 31% YoY to Rs 824 crore, revenue up 36%', 'Buy HDFC Bank; target of Rs 2300: Motilal Oswal', 'Larsen & Toubro shares trade flat; company secures multiple orders', 'PowerGrid Q1: Revenue to see minor uptick but subdued power demand, finance costs could weigh', 'Adani Green Energy shares rise 2.10% in early trade', 'Larsen & Toubro shares fall 0.47%, stock among top losers on Nifty 50', 'Buy Canara Bank; target of Rs 135: Motilal Oswal', 'Neutral Nestle India; target of Rs 2400: Motilal Oswal', 'Infosys Collaborates with RWE AG to Drive Digital Workplace Transformation', 'Kotak Mahindra Bank shares sink 7% on muted Q1 show; should you buy, sell, or hold?', ""Infosys shares fall 0.74% in today's session; over 23.4 lakh shares traded"", 'Adani Total Gas shares rise 2.20% in morning trade, among top midcap gainers', ""Larsen & Toubro shares fall 0.55% in today's session; over 18.8 lakh shares traded"", 'Buy Nestle India; target of Rs 2600: Sharekhan', 'Kotak Mahindra Bank shares decline 6.42% amid volume surge', 'Larsen & Toubro shares fall 0.62% in morning trade', 'Infosys share price falls 1.13% in early trade', 'Ashish Dhawan added four new names to his stock portfolio, raised stake in Religare and Equitas SFB', 'Max Healthcare Institute shares fall 2.26%; among top losers on Nifty Midcap 150', 'SAIL Standalone June 2025 Net Sales at Rs 25,921.46 crore, up 8.02% Y-o-Y', 'National Aluminium Company shares fall 2.08% in early trade, among top midcap losers', 'IDFC First Bank stock slips as net profit tumbles 32%, brokerages remain neutral', 'Cochin Shipyard shares fall 2.02% on Nifty Midcap 150', 'Mazagon Dock Q1 Results: Net profit falls 35% to Rs 452 crore, revenue rises 11%', 'Gland Pharma shares rise 2.05% in morning trade', 'Paras Defence Standalone June 2025 Net Sales at Rs 87.41 crore, up 12.64% Y-o-Y', ""Defence shares fall for 4th day amid profit booking, Paras Defence's weak Q1 results; all eyes on BEL, MDL June qtr numbers"", 'NTPC Green Energy shares rise 2.24% in morning trade', 'Marico shares rise 2.01% on Nifty Midcap 150', 'Ajanta Pharma share price falls 2% on Nifty Midcap 150', 'Vodafone Idea shares rise 2.08% in early trade', 'Whirlpool Standalone June 2025 Net Sales at Rs 2,317.47 crore, down 2.78% Y-o-Y', 'Godrej Properties share price falls 2.01% in early trade; stock among top losers on Nifty Midcap 150', 'Real estate shares continue to fall for 5th day, decline up to 6%; weak Q1 results of Lodha, TCS layoffs weigh', 'DLF shares fall 2.17% in early trade', 'One 97 Communications Paytm shares rise 2.04% in morning trade today', 'KPR Mill share price falls 2.09% in intraday trade']",-101.54999999999927,0,-17,DOWN,0
2025-07-25,25010.35,25010.35,24806.35,24837.0,278136104.0,25273.64,2025-07-25,"['Hold Bajaj Finance; target of Rs 900: Prabhudas Lilladher', 'Bajaj Finance Consolidated June 2025 Net Sales at Rs 19,523.88 crore, up 21.28% Y-o-Y', 'ITC has lined up Rs 20,000 crore worth of business expansion, says chairman Sanjiv Puri', 'Bajaj Finserv Standalone June 2025 Net Sales at Rs 434.37 crore, down 52.22% Y-o-Y', 'ITC share price falls 1.20% in previous session', 'Indian Oil Corporation shares fall 2% in early trade', 'Bajaj Finance Standalone June 2025 Net Sales at Rs 16,696.54 crore, up 21.67% Y-o-Y', 'Foreign selling in FMCG shares intensifies as earnings weakness persists', 'SBI Life shares gain 2% on solid Q1 earnings show; should you buy, sell, or hold?', 'Cipla Consolidated June 2025 Net Sales at Rs 6,957.47 crore, up 3.94% Y-o-Y', 'Shriram Finance Consolidated June 2025 Net Sales at Rs 11,536.32 crore, up 20.11% Y-o-Y', 'SBI Life Insura Standalone June 2025 Net Sales at Rs 38,996.50 crore, up 12.53% Y-o-Y', 'Tata Consultancy Services share price declines nearly 1% in previous session', 'Sensex declines nearly 700 pts, Nifty below 24,850: Bajaj Finance Q1 results among key factors behind market decline', 'Bajaj Finserv Consolidated June 2025 Net Sales at Rs 35,439.08 crore, up 12.58% Y-o-Y', ""Hindustan Unilever shares fall 1% in Friday's trading session"", 'Shriram Finance Standalone June 2025 Net Sales at Rs 11,535.63 crore, up 20.1% Y-o-Y', 'Cipla Q1 net profit beat estimates, jumps 10% to Rs 1,298 crore, revenue up 4%', 'India-UK FTA tariff cuts sparks cautious optimism, focus to shift to execution and earnings', 'Bharti Airtel share price falls 0.53% in early trade', 'Bharat Electronics Q1 Preview:  Strong orderbook, Make-in-India initiatives continue to drive growth despite weak quarter', 'Hindustan Unilever to announce quarterly results on July 31', 'Smallcap, midcap stocks tumble up to 7%, broader market indices down 2%: Here are the top losers', 'Stocks to Watch Today: Sun Pharma, eClerx, IEX, Anant Raj, REC, Aether Industries, L&T, Enviro Infra, GR Infraprojects, Adani Enterprises in focus on 25 July', 'Buy UltraTech Cement; target of Rs 14,299: Deven Choksey', 'ITC shares trade flat with negative bias in a weak market', 'Hindustan Unilever shares fall 0.54% in early trade', 'Coal India Appoints Ashish Chatterjee as Government Nominee Director', 'Tata Consultancy Services stock among top gainers on Nifty 50 with modest rise', 'Bajaj Auto share price falls 2% in early trade', 'ITC shares to announce quarterly results on August 1', 'Bajaj Finance shares fall 5.31%, among top Nifty 50 losers in early trade', 'Cipla Standalone June 2025 Net Sales at Rs 5,046.17 crore, up 12.11% Y-o-Y', 'Bharti Airtel shares among top gainers on Nifty 50; rise 0.43%', 'Cipla Q1 Net Profit After Tax Rises to ?1,291.61 Crore, Up 10% On-Year', 'Bajaj Finserv Q1 net profit jumps 30% on-year to Rs 2,789 crore', 'How TCS, Infosys, HCLTech, Wipro and Tech Mahindra fared in Q1FY26', 'Bajaj Finance shares sink 6% as MSME stress, credit costs weigh; should you buy, sell, or hold shares?', 'Hindustan Unilever share price falls 0.89% in morning trade', 'ICICI Bank shares hit all-time high of Rs 1,500 on NSE', 'Larsen & Toubro shares fall 0.36% in early trade', 'Infosys share price falls in early trade', ""Adani Green Energy shares fall 2.08% in Friday's trading session"", 'Hold Nestle India; target of Rs 2392: Prabhudas Lilladher', 'Adani Total Gas share price falls 2.02%, stock among top losers on Nifty Midcap 150', 'Infosys share price falls 1.45% in early trade', 'Nestle India share price falls over 2% in early trade', 'Hero Motocorp share price falls over 2% in trade', 'Larsen & Toubro quarterly results announcement scheduled for July 29', ""Infosys shares down nearly 1.5% in Friday's trading session"", 'Larsen &Toubro share price falls 0.73% in early trade', 'Accumulate HDFC Bank; target of Rs 2274: Deven Choksey', 'Infosys Consolidated June 2025 Net Sales at Rs 42,279.00 crore, up 7.54% Y-o-Y', 'Paras Defence Q1 FY26 Net Profit Declines to ?14.27 Crore', ""Gujarat Fluorochemicals share price falls 2.01% in Friday's session"", 'Steel Authority of India shares fall 2% in early trade', 'RailTel Corporation of India wins order worth Rs 10 crore; share price fall', 'Azad Engineering Credit Rating Upgraded to CARE A; Stable', 'Mazagon Dock Shipbuilders shares fall 2.08% in morning trade', ""DLF sells homes worth Rs 2,300 crore in Mumbai residential project 'The Westpark'"", 'Kalyan Jewellers India shares fall over 2% in early trade; stock among top losers on Nifty Midcap 150', 'DLF announces sellout of first phase of Mumbai project, revenue potential of Rs 2,300 crore', 'Godrej Properties share price falls 2.03% on Nifty Midcap 150']",-173.34999999999854,0,-5,DOWN,0
2025-07-24,25243.3,25246.25,25018.7,25062.1,338728860.0,27433.34,2025-07-24,"[""Trent stock falls 2.5% as Goldman Sachs downgrades it to 'Neutral', extends decline to 3rd day"", 'Bajaj Finance Q1 results: Net profit rises 22% to Rs 4,765 crore', 'Stocks to Watch Today: Infosys, Dr Reddys Labs, Tata Consumer, Cigniti, Force Motors, Natco Pharma, IndusInd Bank, BEML, Tilaknagar Ind in focus on 24 July', 'India-UK FTA set to boost pharma and medtech trade', ""ITC shares decline over 1.2% in today's session"", 'Axis Bank Revises Vesting Period for Employee Stock Options', ""Hindustan Unilever shares fall marginally in today's session"", ""PSU Bank stocks surge up to 5% as markets cheer Canara Bank, Indian Bank's Q1 results"", 'Sensex down 500 pts, Nifty below 25,100: Nestle Q1 results among key factors behind market decline', ""Bharti Airtel share price falls 0.40% in today's session"", ""Tata Consultancy Services shares fall 0.56% in today's session; over 10.6 lakh shares traded"", 'Bajaj Finance shares fall 0.91% in intraday trade', 'Infosys shares slip despite solid Q1 show, revenue beat; should you buy, sell, or hold?', 'Infosys Standalone June 2025 Net Sales at Rs 35,275.00 crore, up 5.99% Y-o-Y', 'Nifty IT crashes 2% as fall in Persistent Systems, Coforge, Infosys shares weighs', 'Eternal shares rise over 2% in trade; among top gainers on the Nifty 50 index', 'Nestle India Q1 net profit falls on higher costs; appoints Manish Tiwary as CMD', 'Nestle Consolidated June 2025 Net Sales at Rs 5,096.16 crore, up 5.86% Y-o-Y', 'Infosys shares fall nearly 1% in early trade', 'Dr Reddys Labs Standalone June 2025 Net Sales at Rs 7,809.50 crore, up 33.7% Y-o-Y', 'Buy Infosys; target of Rs 1830: Deven Choksey', 'Infosys share price falls 1.07% in morning trade', 'Nestle Standalone June 2025 Net Sales at Rs 5,096.16 crore, up 5.86% Y-o-Y', ""Canara Bank shares rise over 3% in today's session"", 'Nestle shares fall 5% to emerge as top Nifty loser as Q1 net profit misses estimates', 'Canara Bank\x92s current account deposits fell sharply in Q1FY26 as 4-5 key PSUs deployed funds', ""Infosys shares fall 1.30% in today's session; over 87 lakh shares traded"", ""Dr Reddy's Laboratories rise 2.5% amid high volume"", ""Larsen & Toubro shares fall marginally in today's session; over 10.8 lakh shares traded"", 'Hold Dr Reddys Laboratories; target of Rs 1270: Prabhudas Lilladher', ""Larsen & Toubro shares trade flat in Thursday's trading session"", 'Neutral Infosys; target of Rs 1750: Motilal Oswal', 'Buy HCL Technologies; target of Rs 2000: Motilal Oswal', ""Infosys share price falls 1.63% in today's session"", 'Eternal stock hits 52-week high, share price gains over 3%', 'Accumulate Infosys; target of Rs 1750: Prabhudas Lilladher', 'Trade Spotlight: How should you trade Gujarat Pipavav Port, RCF, Swan Energy, Jindal Steel, Shyam Metalics, Dixon Technologies, REC and others on July 25?', 'Jindal Stainless share price falls 2%; among top losers on Nifty Midcap 150', 'Buy PCBL Chemical; target of Rs 474: Prabhudas Lilladher', 'PCBL Chemical Standalone June 2025 Net Sales at Rs 1,452.98 crore, down 2.55% Y-o-Y', 'Indus Towers to Announce Q1 FY26 Results on July 30, 2025', 'Buy Godrej Agrovet; target of Rs 980: Motilal Oswal', 'One 97 Communications shares hit 52-week high']",-181.20000000000073,0,3,UP,1
2025-07-23,25139.35,25233.5,25085.5,25219.9,271539651.0,23042.49,2025-07-23,"[""Bharti Airtel shares gain 1% in today's session; over 12.8 lakh shares traded"", ""Hindustan Unilever shares fall 0.73% in Wednesday's trading session"", ""Tata Steel's 'Baa3' Issuer Rating Affirmed by Moody's"", 'Ultratech Cement Q1 PAT seen up 55.7% YoY to Rs. 2,569.2 cr: Prabhudas Lilladher', 'Buy UltraTech Cement; target of Rs 14,600: Motilal Oswal', 'Sensex settles 500 pts higher, Nifty above 25,200: US-Japan trade deal among key factors behind market rise', ""Hindustan Unilever share price falls 1.16% in today's session"", ""Hindustan Unilever shares fall 0.92% in Wednesday's trading"", 'Trade Spotlight: How should you trade Fortis Healthcare, Bharti Airtel, Piramal Enterprises, Naukri, Godrej Agrovet, Chalet Hotels and others on July 24?', ""Tata Consultancy Services shares rise over 0.5% in Wednesday's session"", 'FMCG shares fall as Colgate Palmolive declines 4% post-Q1 results; Tata Consumer top Nifty loser ahead of earnings', 'Infosys share price gains over 1% in intraday trade; Q1 earnings awaited', 'Eternal\x92s Rs 3 trillion dream divides the Street: FIIs bail, DIIs bite', 'Buy Eternal; target of Rs 330: Motilal Oswal', 'Infosys Q1 FY26 Net Profit at ?6,921 Crore, Up 8.6% YoY', 'Infosys shares gain over 0.5% ahead of Q1 earnings', 'Global environment \x91more stable\x92 but not yet fully settled, says Infosys CEO Salil Parekh', ""Dr Reddy's Laboratories reports 2% rise in Q1 net profit to Rs 1,418 crore, revenue up 11%"", 'Infosys shares decline marginally; trading at Rs 1,583.10', 'Buy HDFC Bank; target of Rs 2350: ICICI Securities', 'Hold JSW Steel: target of Rs 1010: ICICI Securities', 'M&M Finance shares fall 3% after Q1 net profit declines 6% QoQ: Should you buy, sell or hold?', 'Buy ICICI Bank; target of Rs 1776: Deven Choksey', 'Ambuja Cement Q1 PAT seen up 35.4% YoY to Rs. 1,069.3 cr: Prabhudas Lilladher', 'Hold Atul: target of Rs 6600: ICICI Securities', 'Deepak Nitrite Q1 PAT may dip 9.6% YoY to Rs. 183.1 cr: Prabhudas Lilladher', 'Jindal Stainless share price falls 2.02%, stock among top losers on Nifty Midcap 150', 'Samvardhana Motherson International Announces Postal Ballot for ESOP Scheme Approval', 'Aarti Industries Q1 PAT may dip 22.9% YoY to Rs. 107.2 cr: Prabhudas Lilladher', 'Ideaforge Tech Consolidated June 2025 Net Sales at Rs 12.78 crore, down 85.17% Y-o-Y', 'Hold Himadri Speciality Chemical: target of Rs 500: ICICI Securities', 'Ideaforge Tech Standalone June 2025 Net Sales at Rs 12.78 crore, down 85.22% Y-o-Y', 'Hold RBL Bank: target of Rs 250: ICICI Securities', 'One 97 Paytm Consolidated June 2025 Net Sales at Rs 1,917.50 crore, up 27.7% Y-o-Y', 'One 97 Paytm Standalone June 2025 Net Sales at Rs 1,586.20 crore, up 38.07% Y-o-Y', 'Stocks to Watch Today: Paytm, Lodha Developers, Oberoi Realty, Kirloskar Ferrous, KEI Industries, JSW Infra, Alpex Solar, Monika Alcobev in focus on 23 July', ""Paytm shares surge 7% from day's low as firm swings into black in Q1; should you buy, sell or hold?"", ""Angel One enters life insurance space in JV with Singapore's LivWell"", 'Buy One 97 Communications; target of Rs 1350: Emkay Global Financial', 'Kalyan Jewellers India shares rise 2.18%; among top gainers on Nifty Midcap 150']",80.55000000000291,1,35,UP,1
2025-07-22,25166.65,25182.0,25035.55,25060.9,483725120.0,31248.06,2025-07-22,"['Tata Consultancy Services shares gain 0.5% in trade', 'UltraTechCement Standalone June 2025 Net Sales at Rs 19,635.26 crore, up 11.99% Y-o-Y', 'Stocks to Watch Today: Titan, Bajaj Finance, PNB Housing, Oberoi Realty, Havells, 360 One WAM, Arisinfra, BL Kashyap, Afcons Infra in focus on 22 July', 'Bharti Airtel share price falls 1.04% in morning trade', ""Hindustan Unilever shares gain marginally in today's session"", ""Coal India's 'attractiveness' based on cheap valuation an 'optical illusion', says Choice Institutional Equities"", 'Apollo Hospitals eyes new international markets as Bangladesh patient flow remains muted', ""Bharti Airtel share price declines 0.66% in Tuesday's trading session"", ""ITC shares decline marginally in today's trading session"", 'UltraTech Cement shares fall 2.01% in morning trade', 'Bajaj Finance shares in red as MD resigns, brokerages flag succession planning concerns', 'Axis and Kotak Mahindra Bank report easing employee churn in FY25 even as absolute attrition stays high', ""Hindustan Unilever share price falls marginally in today's session"", 'Tata Consultancy Services shares trade flat after change in last 1 hour', ""ITC share price falls marginally in today's session"", 'Buy UltraTech Cement; target of Rs 14,600: ICICI Securities', 'UltraTechCement Consolidated June 2025 Net Sales at Rs 21,275.45 crore, up 17.74% Y-o-Y', 'Accumulate Axis BANK; target of Rs 1186: Deven Choksey', 'Trade Spotlight: How should you trade HDFC Life Insurance, Hindalco, M&M, Swiggy, Nykaa, Indian Oil Corporation and others on July 23?', 'Titan shares gain as firm announces acquisition of majority 67% stake in UAE-based Damas Jewellery', 'Accumulate Ultratech Cement; target of Rs 13,634: Prabhudas Lilladher', ""Infosys shares trade flat in today's session; over 44.3 lakh shares traded"", ""Larsen & Toubro shares fall 1.09% in today's session; stock among top losers on Nifty 50"", 'Nestle India Q1 Preview: Profit likely to remain flat despite steady sales growth', 'Eternal Standalone June 2025 Net Sales at Rs 2,413.00 crore, up 17.82% Y-o-Y', ""Swiggy, Info Edge shares rise up to 5% as Zomato parent Eternal jumps 20% in 2 trading sessions: Here's why"", ""Larsen & Toubro shares fall 1.08% in Tuesday's trading session"", 'Ambuja Cements shares gain 1.60% amid volume surge', 'Mahindra and Mahindra shares hit 52-week high', 'Buy ICICI Bank; target of Rs 1600: Emkay', 'Eternal Consolidated June 2025 Net Sales at Rs 7,167.00 crore, up 70.4% Y-o-Y', ""Q1 impact: Deepinder Goyal's net worth surges by Rs 1,700 crore as Eternal shares rise 20% in two days"", 'Eternal shares hit record high as Blinkit growth outpaces Zomato; should you buy, sell, or hold?', 'Nifty, Sensex give up gains to trade flat while smallcaps outshine amid cooling volatility', 'Infosys Q1 preview: 5 key factors to watch for', 'Infosys share price falls nearly 1% in afternoon trade', ""Eternal shares surge 9% amid high volume in Tuesday's session; stock is the top gainer on Nifty 50"", 'Dr Reddy\x92s Q1FY26 preview: US headwinds may weigh on margins but revenue may see double-digit growth', 'Buy ETERNAL; target of Rs 330: Emkay Global Financial', 'Buy Eternal; target of Rs 315: ICICI Securities', 'Buy HDFC Bank; target of Rs 2300: Emkay', ""Infosys shares decline 0.91% in today's session; over 79.2 lakh shares traded"", 'IREDA confident of recovery from Gensol EV assets, provisioning may not rise', 'Nifty smallcap100 index extends fall for 4th straight day, Midcap index declines 0.5%; here are top gainers, losers', 'Hold Yes Bank; target of Rs 20: ICICI Securities', ""Gland Pharma shares down nearly 2% in Tuesday's trading session"", 'Tube Investments of India shares trade flat amid high volume', 'Aurobindo Pharma shares fall 2%; stock among top losers on Nifty Midcap 150', 'Sell Yes Bank; target of Rs 17: Emkay', 'Reduce AU Small Finance Bank: target of Rs 725: Emkay', ""BSE, other capital market plays rise up to 3% on Sebi's conditional nod to Jane Street"", 'Paytm Q1 results: Firm swings into black, posts net profit of Rs 123 crore, revenue up 28%', 'Buy RBL Bank; target of Rs 300: Emkay', 'Madhur Deora to step down from Paytm board, to continue as President & Group CFO', 'Real estate stocks fall post-Oberoi Realty\x92s Q1 results: Godrej Properties, Phoenix, others down up to 2%']",-105.75,0,27,UP,1
2025-07-21,24999.0,25111.4,24882.3,25090.7,305216414.0,26062.25,2025-07-21,"['Trade Spotlight: How should you trade ICICI Bank, Varun Beverages, Sonata Software, Bajaj Auto, M&M, UPL, L&T Finance, KEI Industries and others on July 22?', 'Reliance Power Consolidated June 2025 Net Sales at Rs 1,885.58 crore, down 5.35% Y-o-Y', ""Bharti Airtel share price rises marginally in today's session"", 'Bajaj Finance MD Anup Kumar Saha resigns, Rajeev Jain to take over', 'South could be the new North: UltraTech executive director Atul Daga', 'Titan to Acquire 67% Stake in Damas Jewellery for GCC Expansion', 'Titan to buy 67% stake in Dubai-based jewellery firm Damas for $283 million', 'Buy Titan Company; target of Rs 4250: Motilal Oswal', 'Stocks to Watch Today: RIL, HDFC Bank, ICICI Bank, JSW Steel, IDFC First Bank, Dr Reddys Labs, IRCON, Sona Comstar, Anthem Biosciences in focus on 21 July', ""Bharti Airtel shares close with 0.43% gain; day's range between Rs 1,892.60 and Rs 1,919.90"", ""Tata Consultancy Services share price falls 1.03% in today's session"", ""ITC shares trade flat in today's session; over 9.2 lakh shares traded"", 'Apollo Hospitals\x92 spin-off of digital-retail arm to unlock shareholder value; \x91mid-teen\x92 revenue growth expected from FY27: MD Suneeta Reddy', ""Hindustan Unilever shares fall 1.12% in today's session; over 8.5 lakh shares traded"", 'Reliance Industries shares slip on reporting highest-ever profit; should you buy, sell, or hold?', 'Eternal, UltraTech Cement, Globe Civil Projects shares rise up to 3% ahead of Q1 results', ""Metal stocks extend rally to 3rd day; NALCO, Vedanta, others rise up to 4% on China's mega dam project"", 'UltraTech plans extensive capex for India Cements to boost efficiency', ""L&T to build India\x92s maiden green hydrogen plant at IOC's refinery"", ""Bharti Airtel shares gain 0.35% in today's session; over 16.2 lakh shares traded"", 'Hindustan Unilever share price declines nearly 1% in intraday trade', ""Tata Consultancy Services shares fall marginally in today's session; over 16.1 lakh shares traded"", 'Eternal Q1: Blinkit revenue jumps 155% YoY to Rs 2,400 crore as user base, orders surge', ""Larsen & Toubro shares gain 1.19% in today's session"", 'Buy ICICI Bank; target of Rs 1670: Motilal Oswal', 'Buy JSW Steel; target of Rs 1200: Motilal Oswal', ""Larsen & Toubro shares rise 1.03% in today's session"", ""Larsen & Toubro shares gain over 0.5% in Monday's trading session"", 'Buy HDFC Bank; target of Rs 2150: Prabhudas Lilladher', 'Infosys shares trade flat after last hour change; stock currently at Rs 1,582.70', ""Larsen &Toubro shares gain 1.13% in today's session; over 10.8 lakh shares traded"", 'ICICI Bank stock rallies following beat on NIMs, positive Q1 show; should you buy, sell, or hold?', 'Sensex soars over 400 pts, Nifty above 25,000: Buying in ICICI, HDFC Bank among key factors behind market rise', 'HDFC Bank shares gain as profit grows 12%, but NIMs slip; should you buy, sell, or hold?', 'Larsen & Toubro shares gain 1.11%, among top gainers on Nifty 50', ""Zomato-parent Eternal's shares rally over 7% despite 90% plunge in Q1 net profit: Here's why"", 'Dr. Reddy\x92s Laboratories shares fall on seven observations from USFDA', 'Buy HDFC Life Insurance Company; target of Rs 882: Deven Choksey', 'Hold JSW Steel; target of Rs 1068: Prabhudas Lilladher', 'Buy HDFC Bank; target of Rs 2300: Motilal Oswal', 'Archean Chemical Board Meeting to Approve Q1 FY26 Results on July 28', 'Neutral Hindustan Zinc; target of Rs 465: Motilal Oswal', 'Titagarh Rail Systems Secures ?312.69 Crore Order for 780 BVCM-C Wagons', 'Jindal Stainless shares rise 2.14% in early trade', 'Piramal Pharma Ratings Upgraded to CARE AA; Stable by CARE Ratings', 'Buy Atul; target of Rs 8975: Motilal Oswal', 'Gland Pharma shares fall 2.27% in early trade; stock among top losers on Nifty Midcap 150', 'Gland Pharma shares trade flat amid high volume', 'IREDA plans to raise Rs 2,500-3,000 crore through QIP this fiscal', 'Buy Godrej Properties; target of Rs 2843: Motilal Oswal', 'RBL Bank shares slip 3% as net profit sinks 46% in June quarter, brokerages remain bullish', 'Buy RBL Bank; target of Rs 290: Motilal Oswal', 'Buy Angel One; target of Rs 3200: Motilal Oswal', 'Buy HDFC AMC; target of Rs 6400: Motilal Oswal', 'Q1 Results impact: AU SFB, MRPL shares crash 8% after June quarter earnings, Mastek rallies 13%', ""PB Fintech shares rise 2.22% in Monday's session"", 'Buy AU Small Finance Bank; target of Rs 875: Motilal Oswal']",91.70000000000073,1,54,UP,1
2025-07-18,25108.55,25144.6,24918.65,24968.4,316979826.0,26330.8,2025-07-18,"['Bharti Airtel share price falls 1.53%; stock among top losers on Nifty 50', 'Defence stocks see profit booking for 3rd day; BDL, Data Patterns, HAL, others fall up to 5%', 'Bharti Airtel share price falls 1.37% today', 'Reliance Retail to demerge FMCG business to boost growth', 'Tata Consultancy Services shares fall marginally in afternoon trade', 'Buy Axis Bank; target of Rs 1400: Emkay Global Financial', 'Stocks to Watch Today: Wipro, Axis Bank, LTIMindtree, Indian Hotels, Lupin, Tracxn Tech, Capital SFB, Veranda Learning, IndoStar in focus on 18 July', 'Buy Tech Mahindra; target of Rs 1950: Sharekhan', 'NTPC CMD Gurdeep Singh Re-Employed for One Year Till July 31, 2026', 'Hindustan Unilever shares fall nearly 1% today', 'Tech Mahindra Standalone June 2025 Net Sales at Rs 11,594.60 crore, up 9.08% Y-o-Y', 'Sensex sheds 500 pts, Nifty below 25,000: Weak Axis Bank Q1 earnings among key factors behind market decline', 'Buy Axis Bank; target of Rs 1375: Prabhudas Lilladher', 'Bharti Airtel shares fall 1.88% in morning trade; over 10 lakh shares traded', 'Hindustan Unilever shares fall 0.71% in early trade; over 2.2 lakh shares traded', ""Tata Consultancy Services shares decline marginally in today's session; over 25 lakh shares traded"", ""ITC shares fall 0.64% in today's session; over 30.4 lakh shares traded"", 'Tata Chemicals Board to Consider Q1 FY26 Results on July 25, 2025', ""ITC shares fall 0.37% in today's session; over 7.8 lakh shares traded"", 'Reliance Consolidated June 2025 Net Sales at Rs 243,632.00 crore, up 5.11% Y-o-Y', 'Reliance Industries reports highest-ever consolidated quarterly profit, EBITDA in Q1: Here are 10 key highlights', 'Reliance Retail Q1 profit rises 28%, bets big on quick commerce and consumer brands', 'Reliance Standalone June 2025 Net Sales at Rs 116,341.00 crore, down 10.44% Y-o-Y', 'Buy Axis Bank; target of Rs 1370: ICICI Securities', ""Adani Green's promoter entity converts remaining warrants into equity, raising shareholding to over 62 percent"", 'UltraTech Cement Q1 preview: Net profit, revenue seen rising on volume growth, pricing uptick', 'LIC Hikes Stake in Cipla to 5.024% Through Market Purchase', 'Hindustan Aeronautics share price falls 2.03%', 'Bank Nifty plunges 1% on weak Axis Bank Q1 numbers; insurance, NBFC stocks also see selling pressure', 'IndusInd Bank to consider raising funds in upcoming board meeting', ""Larsen & Toubro shares gain marginally in today's session"", ""Dr. Reddy's Receives Form 483 with 7 Observations from USFDA for Srikakulam Facility"", 'Jio Financial Standalone June 2025 Net Sales at Rs 134.28 crore, up 0.29% Y-o-Y', 'ICICI Bank Allots 71,031 Equity Shares Under ESOP Scheme', 'JSW Steel Q1 results: Net profit surges 155% YoY to Rs 2,209 crore on price improvement, lower costs', 'JSW Steel Q1 FY26 Net Profit at ?2,209 Crore, Up 14% YoY', 'JSW Steel Consolidated June 2025 Net Sales at Rs 43,147.00 crore, up 0.48% Y-o-Y', 'Jio Financial Consolidated June 2025 Net Sales at Rs 612.46 crore, up 46.58% Y-o-Y', 'JSW Steel Standalone June 2025 Net Sales at Rs 31,613.00 crore, down 3.19% Y-o-Y', ""JSW Steel says 'case for government' to extend, increase steel safeguard duties"", 'Adani Green Energy Limited shares fall 2.08% in morning trade', 'Atul Standalone June 2025 Net Sales at Rs 1,304.56 crore, up 8.04% Y-o-Y', 'Piramal Pharma to Host Q1FY26 Earnings Conference Call on July 29, 2025', ""Gujarat Fluorochemicals Limited shares rise 0.68% amid high volume in today's session"", 'Cochin Shipyard shares fall 2.12% in morning trade', 'Clean Science Consolidated June 2025 Net Sales at Rs 242.87 crore, up 8.42% Y-o-Y', 'Reduce Clean Science and Technology; target of Rs 1330: ICICI Securities', 'Hind Zinc Consolidated June 2025 Net Sales at Rs 7,771.00 crore, down 4.42% Y-o-Y', 'Hind Zinc Standalone June 2025 Net Sales at Rs 7,723.00 crore, down 5.01% Y-o-Y', 'Hindustan Zinc Credit Rating Reaffirmed at ICRA A1+', 'Clean Science & Tech shares fall 8% after Q1 results, stake sale plans weigh on sentiment', 'Hindustan Zinc Q1 Net Profit Declines to ?2,234 Crore, Revenue at ?7,771 Crore', 'Atul Consolidated June 2025 Net Sales at Rs 1,478.00 crore, up 11.8% Y-o-Y', 'Hold Clean Science and Technology; target of Rs 1425: Prabhudas Lilladher', 'Sell Glenmark Pharmaceuticals; target of Rs 1620: ICICI Securities', 'Max Healthcare Institute shares fall 2.30% amid high volume', 'Chemplast Sanmar Announces 41st Annual General Meeting on August 12, 2025', 'Buy Marico; target of Rs 810: Emkay Global Financial', 'Clean Science Standalone June 2025 Net Sales at Rs 219.91 crore, up 1.19% Y-o-Y', ""Mazagon Dock Shipbuilders shares fall 2% in Friday's trading session"", 'HDFC AMC Standalone June 2025 Net Sales at Rs 967.76 crore, up 24.83% Y-o-Y', 'Godrej Properties shares gain for the 5th day on acquiring 48-acre land parcel in Bengaluru', 'PB Fintech-Policybazaar shares fall 2.01%; among top losers on Nifty Midcap 150', 'Buy HDFC Asset Management Company; target of Rs 5700: Prabhudas Lilladher', 'Angel One Standalone June 2025 Net Sales at Rs 1,117.01 crore, down 19.89% Y-o-Y', 'Angel One Consolidated June 2025 Net Sales at Rs 1,140.53 crore, down 18.85% Y-o-Y', 'HDFC AMC Consolidated June 2025 Net Sales at Rs 968.15 crore, up 24.88% Y-o-Y']",-140.14999999999782,0,33,UP,1
2025-07-17,25230.75,25238.35,25101.0,25111.45,243412540.0,24715.35,2025-07-17,"['Bharti Airtel to Hold 30th AGM on August 8, 2025', 'Bharti Airtel share price rises marginally in early trade', 'Tata Sons plans $400-mn fund infusion into struggling e-commerce biz Tata Digital', 'Axis Bank Q1 results: Net profit declines 4% to Rs 5,806 crore, NII marginally up', 'Cipla Appoints BNP &amp; Associates as Secretarial Auditors for Five Years', 'Brokerages mixed on Tech Mahindra following Q1 show, shares fall; should you buy, sell, or hold shares?', 'Buy Tech Mahindra; target of Rs 2000: Motilal Oswal', 'Airtel to offer free 1-year Perplexity Pro subscription to its customers', 'Tech Mahindra Consolidated June 2025 Net Sales at Rs 13,351.20 crore, up 2.66% Y-o-Y', 'Reduce Tech Mahindra; target of Rs 1600: Emkay Global Financial', 'Apollo Hospitals Board to Consider Q1 FY26 Results on August 12, 2025', ""SBI's Rs 25,000 crore QIP, first since 2017, over-subscribed 3x on solid demand led by LIC: CNBC-Awaaz"", 'Cipla Q1 PAT seen up 2% YoY to Rs 1,246.7 cr: ICICI Securities', 'Union Bank, Bank of India, Canara Bank, other PSU bank stocks drop up to 2% on profit booking', 'Sun Pharma Q1 PAT seen up 8.4% YoY to Rs 3,132.7 cr: ICICI Securities', 'Airtel Partners with Perplexity, Offers Free Perplexity Pro Subscription', 'ITC share price trades flat in early session', 'Hindustan Unilever share price falls marginally in early trade', 'Cipla AGM: Dividend Declared, Umang Vohra Re-appointed as Director', 'Tata Consultancy Services shares gain 0.26% in early trade', 'Stocks to Watch Today: Tech Mahindra, Angel One, Ixigo, Maruti Suzuki, Godrej Properties, Hindustan Zinc, Zydus Life, Smartworks in focus on 17 July', 'HDFC Life AGM Approves ?2.10/Share Dividend, Re-appoints Vibha Padalkar', ""Larsen & Toubro shares decline to day's low"", 'Jio Financial Q1 results: Firm reports net profit of Rs 325 crore', 'Larsen & Toubro shares trade flat in early session', 'Buy JSW Steel; target of Rs 1180: Motilal Oswal', 'ABB India shares drop 0.84% amid volume surge; stock among top losers on Nifty Next 50', ""Larsen & Toubro shares fall 0.85% in today's session; over 17.8 lakh shares traded"", 'Cohance Lifesciences Q1 PAT may dip 64.2% YoY to Rs 51.6 cr: ICICI Securities', 'Trade Spotlight: How should you trade V-Guard, Mahindra Holidays, Prestige Estates, Zydus Wellness, Welspun Corp, Blue Star and others on July 18?', 'Ajanta Pharma shares rise 2.37% in early trade; stock among top gainers on Nifty Midcap 150', 'Clean Science Q1 FY26 Net Profit Rises 6% YoY to ?70 Crore', 'Q1 results impact: Newgen Software shares tumble 6% as net profit falls 54% QoQ, HDFC AMC rises 1%', 'Kalyan Jewellers India shares rise 2.08% on Nifty Midcap 150', 'ICICI Prudential MF Sells 2.08% Stake in Max Financial Services', 'Jewellery shares extend gains for a fifth session on value buying: Up to 5% surge in Senco, Titan, Kalyan', 'Godrej Properties shares rise 2.06% in morning trade', ""Angel One shares rise even as Q1 profit tumbles 61% on SEBI's F&O crackdown"", 'Angel One Consolidated June 2025 Net Sales at Rs 1,140.53 crore, down 18.85% Y-o-Y']",-119.29999999999927,0,14,UP,1
2025-07-16,25196.6,25255.3,25121.05,25212.05,228815928.0,22254.54,2025-07-16,"['State Bank of India likely to launch Rs 25,000-crore QIP today: CNBC-Awaaz', 'Hindustan Unilever share price falls marginally in early session', 'SBI QIP opens, floor price fixed at Rs 811.05 per share', 'Goldman Sachs bucks the industry trend with booming India P-note business', 'Axis Bank Grants 1,37,575 Stock Options to Employees', 'SBI board approves raising up to Rs 20,000 crore via bonds in FY26', 'ITC shares fall marginally in early trade', ""MRF shares hit all-time high in Wednesday's trading session"", 'Tech Mahindra Q1 Results: Net profit jumps 34% on-year, tops Rs 1,140 crore on low expenditure', 'Tata Steel, SAIL, other metal shares slump up to a percent, dragging Nifty Metal index as dollar rises on US inflation', 'Tech Mahindra loses 622 employees in Q1, third consecutive quarter of decline', 'HAL Appoints Ajay Kumar Shrivastava as Director (Engineering & R&D)', ""Centre extends NTPC CMD Gurdeep Singh's tenure by a year"", 'Tata Consultancy Services shares fall in early trade', ""Bharti Airtel share price gains 0.69% in yesterday's trading session"", ""ITC shares stage a smart recovery from day's low"", 'Hindustan Unilever share price trades flat with a negative bias', 'Stocks to Watch Today: Ashok Leyland, Dixon Tech, Zydus Lifesciences, ICICI Lombard, HDB Financial, HDFC Life, Jindal Steel, Biocon in focus on 16 July', 'Clients adjusting to uncertainty, discretionary spend reviving only in pockets: Wipro Chairman Rishad Premji', 'HAL Appoints Manisha Chandra as Government Nominee Director', 'Trade Spotlight: How should you trade Tata Power, SBI, Punjab National Bank, LIC Housing Finance, M&M, Edelweiss Financial and others on July 17?', 'Hindustan Unilever shares see moderate fall; over 1.9 lakh shares traded', ""Tata Consultancy Services shares gain about 1% in yesterday's trading"", ""Bharti Airtel shares gain marginally in Wednesday's session"", 'Bharti Airtel shares fall marginally today; over 7.5 lakh shares traded', ""ITC shares fall moderately in today's session; over 13.8 lakh shares traded"", 'Buy Trent; target of Rs 6650: Motilal Oswal', 'State Bank of India shares gain over 1%; stock among top gainers on Nifty 50', ""Sensex surges 300 pts from day's low, Nifty above 25,200: 3 key reasons behind market rise"", ""Tata Consultancy Services shares fall 0.61% in today's session; over 5.9 lakh shares traded"", 'HDFC Bank to consider its first-ever bonus issue of shares on July 19', 'HDFC Bank to Consider Special Interim Dividend, Bonus Issue on July 19, Along With Q1 Results', 'Buy HDFC Life Insurance; target of Rs 910: Motilal Oswal', 'Avenue Supermarts share price rises 2.02%', 'Hold HCL Technologies; target of Rs 1693: Deven Choksey', 'Nestle India shares rise 2.13% on Nifty 50', 'Eternal CEO-backed LAT Aerospace buys Bombardier private jet; Deepinder Goyal denies deal', ""ABB India shares decline 1.36% amid high volume in Wednesday's session"", 'Q1FY26 earnings: HDFC Life, ICICI Prudential rebalance product mix, inch towards protection-led growth', ""ICICI Bank shares edge marginally lower in Wednesday's trading session"", 'Invesco Mutual Fund Increases Stake in Sai Life Sciences to 5.2467%', 'Himadri Special Standalone June 2025 Net Sales at Rs 1,100.42 crore, down 8.28% Y-o-Y', ""Vodafone Idea shares rise 2.35% in Wednesday's trading session"", 'IDFC First Bank Grants 1,60,000 Stock Options to Employees', 'Alkem Labs Gets Exchange Nod for Promoter Reclassification to Public Category', 'Marico shares hit all-time high on NSE; gains in early trading', 'Himadri Special Consolidated June 2025 Net Sales at Rs 1,118.29 crore, down 6.84% Y-o-Y', 'Himadri Speciality Q1 net profit grows 48% to Rs 183 crore', ""Gland Pharma shares surge 3.35% amid high volume in Wednesday's session"", 'Zydus Lifesciences shares gain on final USFDA approval for Celecoxib capsules', ""Gland Pharma shares rise 2.02% in Wednesday's trading session"", ""DLF debuts in Mumbai with 'The Westpark' launch on July 17, 'premium' homes for Rs 5.5-7.5 crore"", 'HDFC Asset Management Company shares hit all-time high; gains in early trading', ""KPR Mill shares rise 2.27% in Wednesday's trading session"", ""One 97 Communications Paytm shares rise 2.03%, among top gainers on Nifty Midcap 150 in today's trading session""]",15.450000000000728,1,46,UP,1
2025-07-15,25089.5,25245.2,25088.45,25195.8,241340130.0,23282.7,2025-07-15,"['Bharti Airtel share price gains 0.74% in early trade', 'Sun Pharmaceutical Industries shares surge 2.72% amid high volume, among top gainers on Nifty 50', 'Hindustan Unilever shares rebound from intra-day low', 'Tata Consultancy Services shares trade marginally up; over 6.5 lakh shares traded', 'ITC shares extend gains after a flat open', 'Bharti Airtel shares trade with moderate gain in morning session', 'Tata Consultancy Services shares gain 0.44% in morning trade', 'Shriram Finance Board Meeting on July 25 to Approve Q1 FY26 Results', 'ITC shares rise marginally in early trade', 'Hindustan Unilever shares edge marginally higher on July 15', 'Axis Bank Q1 Net Profit seen up 11.7% YoY to Rs. 6,743.1 cr: Prabhudas Lilladher', 'Trade Spotlight: How should you trade Sun Pharma, Blue Star, Hero MotoCorp, Britannia, Acutaas Chemicals, Religare Enterprises and others on July 16?', 'MRF AGM to be held on August 7, 2025; Annual Report Web-link Provided', 'Tata Elxsi shares rise 2.10% in early trade', ""Bharti Airtel shares gain 0.43% in today's session; over 8.6 lakh shares traded"", 'Tata Consultancy Services shares snap losing streak; stock among top gainers on Nifty 50', 'Coal India to Consider Interim Dividend, Q1 FY26 Results on July 31', ""ITC shares gain in today's session; over 21.5 lakh shares traded"", 'Bharat Electronics Appoints Kamesh Kasana as Director (Other Units)', 'Neutral Axis Bank; target of Rs 1300: Motilal Oswal', 'Trent Board Meeting on August 6 to Approve Q1 FY26 Unaudited Financial Results', 'Stocks to Watch Today: HCLTech, Tata Tech, Rallis India, Power Mech Projects, RailTel, Sun Pharma, Deepak Fertilisers, Oberoi Realty in focus on 15 July', 'Buy HCL Technologies; target of Rs 2000: Motilal Oswal', 'Sensex soars 450 pts, Nifty above 25,200: Easing inflation, IT buying, other key factors behind market rebound', 'ICICI Bank Allots 62,736 Equity Shares Under ESOP Scheme', 'Buy Mahindra and Mahindra; target of Rs 3643: Motilal Oswal', 'Hold HCL Technologies; target of Rs 1550: Prabhudas Lilladher', 'Avenue Supermarts shares rise 0.52% amid volume surge', 'HCL Tech Consolidated June 2025 Net Sales at Rs 30,349.00 crore, up 8.17% Y-o-Y', 'HDFC Life Q1 Results: Net profit jumps 14% to Rs 546 crore, APE rise 12% YoY', 'HCL Technologies shares fall 2.01% in early trade', 'Buy HCL Technologies; target of Rs 1850: Sharekhan', 'HCL Technologies shares fall 4% on weaker-than-expected Q1 show; should you buy, sell, or hold?', 'HCL Tech Standalone June 2025 Net Sales at Rs 13,073.00 crore, up 10.94% Y-o-Y', 'HDFC Bank Q1 Net Profit seen up 1.5% YoY to Rs. 16,422.2 cr: Prabhudas Lilladher', 'Grasim Industries Fully Repays ?500 Crore Commercial Paper', 'ICICI Bank Q1 Net Profit seen up 5.3% YoY to Rs. 11,649.1 cr: Prabhudas Lilladher', 'HCL Technologies shares fall 2.70% amid high volume in early trade', 'Bosch shares rise 2.01% in early trade', 'Glenmark Pharma shares fall 2.12%, among top losers on Nifty Midcap 150', 'RailTel Corporation shares rise 3% on order win from East Central Railway', 'Godrej Agrovet Announces Book Closure for AGM and Final Dividend', 'InGovern counters Viceroy\x92s short-seller report on Vedanta, urges reforms to protect Indian shareholders', 'This deal will hopefully inspire other companies to invest more in innovation: Glenn Saldanha', 'Himadri Speciality Chemical Q1 Net Profit Rises to ?182.57 Crore', 'Rail Vikas Nigam shares rise 2.26% in early trade', ""Yes Bank shares gain 3% after report says Japan's SMFG eyeing $1.1 billion investment"", 'SMFG said to eye $1.1-billion additional investment in Yes Bank', 'Data Patterns AGM to be held on August 8, 2025; Annual Report released', ""Ajanta Pharma shares gain marginally amid high volume in today's session"", ""Samvardhana Motherson International shares rise 2.07% in Tuesday's session"", 'Mankind Pharma shares fall 2.20%; stock among top losers on Nifty Midcap 150', 'NMDC shares decline 1.53% amid volume surge; stock among top losers on Nifty Midcap 150', 'Yes Bank shares gain over 2%, among top performers on Nifty Midcap 150', 'HDFC Asset Management Company shares rise 2.05% in morning trade', 'KPR Mill shares rise 2.17% on Nifty Midcap 150']",106.29999999999927,1,55,UP,1
2025-07-14,25149.5,25151.1,25001.95,25082.3,259533624.0,23316.33,2025-07-14,"['Sun Pharma settles patent litigation with Incyte, paving way for launch of anti-baldness drug LEQSELVI', ""Tata Consultancy Services shares fall 1.49% in today's session; over 18.4 lakh shares traded"", 'Bharti Airtel Q1 PAT seen up 106.8% YoY to Rs. 7082.5 cr: Prabhudas Lilladher', 'Bharti Airtel shares fall 0.60% in morning trade; over 16.2 lakh shares traded', 'Tata Consultancy Services shares fall 0.76% in early trade', 'State Bank of India shares rise amid strength in PSU banking stocks', 'Tata Consultancy Services share price falls in early trade', 'Asian Paints, HPCL, Apollo Tyres, other crude-sensitive stocks fall up to 1.5% as Brent rises above $71 per barrel', 'Morgan Stanley initiates coverage on pharma players, bullish only on Sun Pharma', 'TCS\x92s Q1 show misses the mark; what this means for the broader IT landscape', 'Tech Mahindra share price falls 2.02% on Nifty 50', 'ITC shares hit intraday high; stock up 0.6% on Nifty 50', 'Tata Consultancy Services shares fall 0.71% in morning trade; over 8.4 lakh shares traded', 'ITC shares trade flat-to-positive in early trade', ""Tata Consultancy Services share extends fall in Monday's trading session"", 'Sun Pharma Investor Presentation: Focus on Growth and Innovation', 'Tata Steel begins construction of Electric Arc Furnace at UK plant, Chandrasekaran attends groundbreaking', 'Defence stocks extend losses to third day on profit-booking; GRSE, Cochin Shipyard, BDL fall up to 4%', 'Sell Tata Elxsi; target of Rs 4965: Deven Choksey', 'Tata Elxsi shares rise 2.06% in morning trade, among top gainers on Nifty Midcap 150', 'Trade Spotlight: How should you trade Voltas, Sonata Software, Piramal Enterprises, Tata Motors, Redington, Coromandel, Eternal and others on July 15?', 'Sensex declines over 200 pts, Nifty below 25,100: Selling in IT stocks among key factors behind market decline', 'JSW Steel Announces Analyst Meet on July 18, 2025, to Discuss Q1 FY26 Results', ""HCLTech says specialisation to drive fresher hiring, 'elite' cadres to get 4X higher pay"", 'Adani Green Energy shares rise 2.13% in morning trade', 'Bosch shares rise 2.11% in morning trade', 'Stocks to Watch Today: DMart, NCC, Kolte Patil, VIP Industries, Sula Vineyards, Wockhardt, Akzo Nobel, Gland Pharma, Travel Food Services in focus on 14 July', 'Hold Avenue Supermarts; target of Rs 3923: Prabhudas Lilladher', 'Avenue Supermarts-DMart share price falls 2.52% in early trade', ""Grasim Industries shares gain 1.23% amid volume surge in today's session"", 'Adani Power shares rise 2.06% in morning trade, among top gainers on Nifty Next 50', 'DMart shares in red as Q1 profit flat, margins under pressure; should you buy, sell, or hold?', ""HDFC Bank\x92s MD and CEO Sashidhar Jagdishan's FY25 pay package rises 12% to Rs 12.08 crore"", 'Eternal shares rise over 2%; among top Nifty gainers', 'HCLTech Q1 results: Net profit falls 10% to Rs 3,843 crore, firm declares Rs 12 dividend', 'Buy Avenue Supermarts; target of Rs 4500: Motilal Oswal', 'Glenmark Pharma shares rise 2.05% on Nifty Midcap 150', 'Silver rallies to fresh all-time high, nears Rs 1.15 lakh per kg mark; Hindustan Zinc shares up 2%', 'Vodafone Idea shares surge 7% amid high volume, among top gainers on Nifty Midcap 150 today', 'Glenmark to double down on innovation with multispecific antibody pipeline against cancers', 'Ajanta Pharma shares gain 2.16%; among top gainers on Nifty Midcap 150', 'RVNL Secures ?447.42 Crore Contract from Delhi Metro Rail Corporation', 'Deepak Fertilisers Enters ?1,200 Crore LNG Regasification Agreement with Petronet LNG', 'Mankind Pharma shares jump 3.39% amid high volume trading; stock among top gainers on Nifty Midcap 150', 'Glenmark to focus on innovation and therapeutic specialisation', 'Hindustan Zinc shares rise 2.14% in early trade, among top midcap gainers today', 'Mazagon Dock Shipbuilders shares fall 2.57% in early trade', 'IdeaForge Allots 11,011 Equity Shares Under ESOP Scheme, Paid-up Capital Rises', ""Gujarat Fluorochemicals shares rise 2.14% in Monday's trading session; stock among top gainers on Nifty Midcap 150"", 'Anupam Rasayan: Promoter Mona Desai Releases Pledge on 20.5 Lakh Shares', 'ideaForge Board to Consider Q1 FY26 Unaudited Financial Results on July 22', 'Mankind Pharma shares rise 2.07% in early trade; stock among top gainers on Nifty Midcap 150', 'Max Healthcare Institute shares rise 2.02% in early trade', ""Ajanta Pharma shares trade flat amid high volume in today's session"", 'PCBL Board Meeting to Consider Unaudited Financial Results on July 23, 2025', 'IREDA shares fall 2.11% in early trade, among top midcap losers today', 'Cochin Shipyard shares fall 2.11%; stock among top losers on Nifty Midcap 150', 'One 97 Communications-Paytm shares rise 2.15% in midday trade', 'AU Small Finance Bank shares fall 2.4% in early trade', ""AU Small Finance Bank shares tumble 2% as Kotak flags lofty valuations, downgrades to 'sell'"", 'Kalyan Jewellers to Hold Earnings Call on August 7, 2025', 'PB Fintech shares rise 2.07% on Nifty Midcap 150', 'Godrej Properties shares rise 2.07% on Nifty Midcap 150', 'PB Fintech-Policybazaar to Hold Earnings Call on August 1, 2025, for Q1 FY26 Results']",-67.20000000000073,0,43,UP,1
2025-07-11,25255.5,25322.45,25129.0,25149.85,249987681.0,26251.65,2025-07-11,"['Buy Tata Consultancy Services; target of Rs 3900: Sharekhan', 'SBI Divests 2.02% Stake in Tamilnadu Telecommunications Ltd via Open Market Sale', 'Sensex falls 700 pts, Nifty below 25,150: Selling in IT stocks among key factors behind market decline', 'Sell Tata Elxsi; target of Rs 4420: ICICI Securities', 'Tata Elxsi Standalone June 2025 Net Sales at Rs 892.10 crore, down 3.71% Y-o-Y', 'Bajaj Auto shares fall 2.53% amid volume surge, among top losers on Nifty 50', 'Sell Tata Elxsi ; target of Rs 4750: Prabhudas Lilladher', ""ITC shares gain marginally in today's session; over 60.1 lakh shares traded"", 'Stocks to Watch Today: TCS, Tata Elxsi, Anand Rathi, IREDA, Hindustan Unilever, Glenmark Pharma, Aegis Logistics, Meta Infotech in focus on 11 July', 'Tata Elxsi shares fall 4.03% in early trade; stock among top losers on Nifty Midcap 150', 'Tata Consultancy Services share price falls 3.37%; among top losers on Nifty 50', ""Bosch shares jump 1.40% amid high volume in today's session"", 'IndusInd Bank rushing to hire CFO, other top executives after crisis: Report', ""Tesla's India showroom gets set for launch, M&M drags Nifty Auto index as competition hots up"", 'Bosch shares rise 2.06% in morning trade; stock among top gainers on Nifty Next 50', 'Mahindra and Mahindra shares fall 2.04% in morning trade', 'Mutual funds trump retail in Glenmark surge as cancer drug deal sends stock soaring', 'Mazagon Dock Shipbuilders shares fall 2.15%, among top midcap losers in early trade today', 'Indian Renew Consolidated June 2025 Net Sales at Rs 1,947.60 crore, up 28.96% Y-o-Y', 'Mankind Pharma shares jump 4.93% amid volume surge; stock among top gainers on Nifty Midcap 150', 'Indian Renew Standalone June 2025 Net Sales at Rs 1,947.29 crore, up 28.94% Y-o-Y', 'NTPC Green Energy shares rise 2.05%, among top midcap gainers in morning trade', 'Gland Pharma Secures Danish Medicines Agency GMP Certificate for Pashamylaram Facility', 'UBS downgrades Vodafone, Airtel on expensive valuations, shares tumble 3%', ""Sagility India, Belrise Industries, Adani Energy added to Jefferies' model India portfolio"", 'Glenmark\x92s R&D bet pays off handsomely with AbbVie deal, vindicating backer-in-chief Saldanha', 'Glenmark Pharma shares rally 15% to record high after mega licensing deal for its cancer drug', 'Hindustan Zinc jumps 1.5%: Silver at lifetime high, other key reasons behind stock surge', ""NMDC shares gain 0.71% amid high volume in today's session"", 'Max Healthcare Institute shares decline 2.64% amid volume surge; stock among top losers on Nifty Midcap 150', 'Buy Glenmark Pharma; target of Rs 2430: Motilal Oswal', 'Vodafone Idea shares fall 2.05% in morning trade; stock among top losers on Nifty Midcap 150', ""Ajanta Pharma shares rise 2.10% in today's trading session"", 'Inox Clean Energy files confidential DRHP for Rs 6,000-crore IPO', 'Glenmark Pharma share hits upper circuit level, up 10%; stock among top Midcap gainers in early trade today', 'IREDA shares fall 4.37%; stock among top losers on Nifty Midcap 150 in early trade today', 'Cochin Shipyard shares fall 2.20% in early trade today', ""Godrej Properties share price falls 2% in Friday's session"", 'Siyaram Silk Mills Sets July 22 as Record Date for ?5 Final Dividend', 'DLF share price falls 2.04%, among top losers on Nifty Next 50', 'PB Fintech-Policybazaar shares fall 2%, among top midcap losers in morning trading session', 'KPR Mill share price falls over 2% in morning trade']",-105.65000000000146,0,-12,DOWN,0
2025-07-10,25511.65,25524.05,25340.45,25355.25,219609322.0,21435.36,2025-07-10,"[""MRF share price falls 2.05% in Thursday's trading session"", 'FMCG volume growth seen soft, early monsoon dented demand for summer-related products, says Axis Securities', 'Stocks to Watch Today: TCS, Cryogenic OGS, Embassy REIT, Indosolar, Enviro Infra Engineers, Emcure Pharma, HCL Technologies, Crizac in focus on 10 July', 'ITC shares trade marginally higher in early session', 'UltraTech Cement shares hit all-time high in early trade', 'Sensex falls nearly 350 points, Nifty below 25,400: IT losses among key factors behind market decline', 'Bharat Dynamics, GRSE, HAL, other defence stocks decline up to 3%: Here are the likely triggers', 'Trade Spotlight: How should you trade JSW Energy, Prestige Estates, Ingersoll Rand, Premier Energies, EID Parry, Adani Power and others on July 11?', 'Adani Power shares rise 2.25% in morning trade', 'Glenmark arm IGI licenses cancer drug to AbbVie for upfront $700 mn with $1.22 bn in milestone payment', 'IPO-bound Anthem Bio says cost arbitrage drove expansion, proposing China alternative for global pharma', 'Glenmark Pharma shares rise 2.10% in early trade', 'RailTel Corporation shares gain on order win from Chhattisgarh govt', ""Vedanta, Hindustan Zinc shares extend losses to 2nd day after short-seller's report; group's base metal CEO quits"", 'Glenmark Pharma shares hit all-time high; stock rises 3.28%', 'Piramal Pharma Receives ESG Rating of 61 from NSE Sustainability for FY24', 'Titagarh Rail Systems Board Approves ?199.99 Crore Preferential Issue of Warrants to Promoters', 'SAIL Appoints Pranoy Roy as Independent Director for Three Years', 'Laxmi Organic Industries Submits FY25 Annual Report, Announces ?1,100 Crore Strategic Investment', 'One 97 Communications Paytm shares rise 2.18% in early trade']",-156.40000000000146,0,10,UP,1
2025-07-09,25514.6,25548.7,25424.35,25476.1,239081546.0,20549.5,2025-07-09,"['Indian Oil and Adani Gas JV plans $161 million convertible bond sale', 'HSBC hikes target on Asian Paints, Berger Paints on improving growth in H2; stocks gain', ""ITC stock among top gainers on Nifty 50 in today's session"", ""Asian Paints, HUL, Varun Beverages are 'fallen angels', top contra bets: Jefferies"", 'ITC shares trade flat; over 10.6 lakh shares traded', 'Bajaj Finance shares gain 1% in morning trade', ""Metal index plunges 2%: Viceroy Research's report on Vedanta Resources among key factors behind bearish movement"", 'ITC shares fall marginally in morning trading session', 'Stocks to Watch Today: Crizac, 5paisa Capital, Tata Motors, Synergy Green, Puravankara, India Shelter Finance, CAMS in focus on 9 July', 'IT stocks drop up to 1.5% ahead of TCS Q1 results tomorrow', ""Bharat Heavy Electricals shares rise 2.01% in Wednesday's trading session"", 'Sensex falls 200 pts, Nifty below 25,500 amid caution ahead of India-US trade deal, Q1 earnings announcement; metal, IT stocks decline', ""HCL Technologies shares fall 2.06% in today's session"", 'Trade Spotlight: How should you trade Power Grid Corporation, ICICI Prudential Life, Ceat, Apollo Tyres, Dabur, Bandhan Bank and others on July 10?', 'Mahindra & Mahindra Holds Analyst, Investor Meet, Shares Publicly Available Information', 'Hindalco Industries shares drop amid weakness in metal index', 'Hind Copper, Vedanta, Hindalco shares under pressure as Trump threatens 50% tariff on US imports', 'ICICI Prudential AMC files IPO papers, comprises entirely OFS by British partner', ""Vedanta shares fall 2.67% in Wednesday's trading session, among top large-cap losers"", 'Lupin shares rise over 2% in early trade on Nifty Midcap 150', ""Hindustan Zinc share price falls 2.22% in Wednesday's session, among top midcap losers"", 'Paras Defence to Host Investor Meet with Al Dhabi Capital on July 14', ""Vedanta refutes Viceroy Research's allegations, calls report 'false propaganda'"", 'Glenmark Pharma shares fall 2.03%; stock among top losers on Nifty Midcap 150', ""Mankind Pharma shares rise 2.10% in Wednesday's trading session"", 'Hindustan Zinc Clarifies on Short Seller Allegations Amid Share Fall', 'Max Healthcare Institute shares fall 2.12%; stock among top losers on Nifty Midcap 150', ""Vedanta shares decline over 3% as Viceroy Research shorts parent's debt, says 'resembles a Ponzi scheme'"", ""Godrej Properties shares drop 2% after 'Reduce' call from Nomura"", 'Godrej Properties shares fall 2.18% in early trade', ""Kalyan Jewellers India shares rise nearly 3% in Wednesday's session""]",-38.5,0,-24,DOWN,0
2025-07-08,25427.85,25548.05,25424.15,25522.5,210410530.0,21947.32,2025-07-08,"[""Aurobindo Pharma, Dr Reddy's, Lupin, other pharma stocks tumble up to 3% amid tariff jitters"", 'Trent share price falls 2.01% in morning trade', ""Cipla share price falls 2.01% in Tuesday's trading session"", 'Auto stocks in red amid tariff uncertainty; Bajaj Auto, TVS Motor, Hero MotoCorp decline up to 2%', ""India's new playbook aims to bypass Strait of Hormuz blockade in future emergencies: IOC Chairman"", 'Hindustan Aeronautics shares likely to jump up to 22%, says JPMorgan, cites these factors', 'Aster DM Healthcare aims to beat Apollo Hospitals to become top healthcare chain: Report', ""ITC shares gain marginally in today's session; over 16.5 lakh shares traded"", 'Adani Group may raise another $2 billion in coming quarters, FY26 fundraising could hit $5 billion', 'Trade Spotlight: How should you trade Chennai Petroleum, NHPC, Valor Estate, KPR Mill, Motherson Sumi Wiring, Tech Mahindra and others on July 9?', 'Reduce Titan Company; target of Rs 3350: Emkay Global Financial', ""Tata Steel's Q1 FY26 India Crude Steel Production at 5.26 Mn Tons; Deliveries Impacted by Maintenance"", 'Stocks to Watch Today: Titan, Tata Motors, Navin Fluorine, Refex Industries, JSW Infrastructure, Lodha Developers, Kotak Mahindra Bank in focus on 8 July', ""Titan shares sink 5% jewellery growth a 'big miss' in Q1, brokerages disappointed"", 'Trade Spotlight: How should you trade Dabur India, Indian Oil, Jubilant Foodworks, L&T Finance, Can Fin Homes, JK Lakshmi Cement, and others on July 8?', ""Ambuja Cements shares fall 2% in Tuesday's trade"", 'Bank of Baroda operations may be affected by July 9 union strike', ""HDFC Bank shares trade higher; touches day's high of Rs 1,994.90"", 'HCLTech to Announce Q1 FY26 Results on July 14, Host Conference Call', 'HDFC Bank Opens Special Window for Physical Share Transfer Re-lodgement', ""Jio BlackRock to disrupt India's funds sector with low-cost strategy: Reuters report"", ""Bosch stock falls marginally amid high volume in today's session"", 'Adani Power shares rise on completing acquisition of Vidarbha Power', 'Bajaj Holdings share price falls 2.03% in morning trade', 'JSW Steel Q1 FY26 Crude Steel Production Rises 14% YoY to 7.26 Million Tonnes', 'Domestic manufacturers eye JVs with South Korean, Japanese firms to avoid China: Report', ""Cochin Shipyard shares fall 2% in Tuesday's session"", ""NHPC shares surge 2.68%, among top gainers on Nifty Midcap 150 amid high volume in today's session"", 'ideaForge Technology Confirms SEBI Demat Compliance for Q1 FY26', 'Himadri Speciality Chemical Board to Meet July 15 for Q1 FY26 Results', 'Midcap, smallcap stocks tumble up to 6%: BSE, Angel One, Lupin among top losers', 'Vedanta Shares: Canara Bank Releases Encumbrance on 56.38% Stake', 'Punjab & Sind Bank Recommends Rs 0.07/Share Dividend for FY25, AGM on Aug 5', ""Gujarat Fluorochemicals share price falls 2.24% in Tuesday's session"", 'Navin Fluorine shares hit fresh 52-week high after firm launches Rs 750-crore QIP', 'Clean Science to Hold Board Meeting on July 17 for Q1 FY26 Results', 'PC Jeweller shares snap 5-day rally, sink 9% as exchanges initiate additional surveillance measures', 'Textile stocks rally up to 8% after Trump imposes 35% tariffs on Bangladesh', 'PC Jeweller board to consider fundraising via preferential allotment on July 10']",94.65000000000146,1,-8,DOWN,0
2025-07-07,25450.45,25489.8,25407.25,25461.3,196051345.0,16923.26,2025-07-07,"['Equitas SFB, J&K Bank, ESAF SFB shares plunge up to 6% as Q1 biz updates fail to impress investors', 'Asian Paints, IOC shares rise as larger-than-expected OPEC+ oil output hike lowers raw material cost', 'Auto, IT stocks in red amid tariff uncertainty; Maruti Suzuki, Tech Mahindra shares down up to 2%', 'Bharat Electronics share price falls 2.07% in early trade; stock among top Nifty losers', 'Trade Spotlight: How should you trade Relaxo Footwears, Chennai Petroleum, Transrail Lighting, CCL Products, Marksans Pharma, Titan, and others on July 7?', 'Apollo Hospitals Enterprise hits all-time high on NSE', 'Stocks to Watch Today: IndusInd Bank, Dabur India, Senco Gold, Rail Vikas Nigam, BEML, Shilpa Medicare, Godrej Consumer Products in focus on 7 July', 'SBI\x92s Rs 3.5 lakh crore secret: Why its subsidiaries could trigger the next big re-rating', 'Oil India, ONGC, others fall up to 5% as oil falls on larger-than-expected OPEC+ output hike', ""Eternal shares slip on appointment of new CEO for food delivery biz; Morgan Stanley remains 'overweight'"", 'Jio BlackRock raises Rs 17,800 crore through debut NFO', 'IndusInd Bank shares flat as Q1 net advances slip 4% YoY, brokerages mixed', 'Bosch shares rise 0.61% amid volume surge', 'Glenmark Pharma stock hits all-time high in early session, trading up 1.1%', 'National Aluminium Company shares fall 2.02%; stock among top losers on Nifty Midcap 150', 'Gujarat Fluorochemicals Confirms Q1 FY26 Share Dematerialisation Compliance', ""HAL, Cochin Shipyard recover from day's low post defence secretary's comment"", 'RVNL shares gain on project win worth Rs 143.4 crore from Southern Railway', ""Gujarat Fluorochemicals shares fall 0.68% amid high volume in today's session"", 'Buy Marico; target of Rs 825: Sharekhan', 'Vedanta Resources Releases Encumbrance on 56.38% of Vedanta Ltd Shares', ""KPR Mill share price falls 2.04% in Monday's trading session"", 'Max Financial Services Confirms Q1 FY26 Share Dematerialization Compliance', 'Kalyan Jewellers Q1 FY26 Consolidated Revenue Jumps 31%']",10.849999999998545,1,0,NEUTRAL,0
2025-07-04,25428.85,25470.25,25331.65,25461.0,193511595.0,19101.33,2025-07-04,"[""Sensex slips 400 pts from day's high, Nifty below 25,350: Trade deal jitters among key factors behind market decline"", ""Trent shares settle 11% on lower-than-expected growth in Q1; Nuvama downgrades to 'hold'"", 'Gainers & Losers: 10 stocks that moved the most on July 4', 'Stocks to Watch Today: Emcure Pharma, Bajaj Finance, Bandhan Bank, Marico, Sterling Powergensys, Piramal Pharma, Godavari Biorefineries in focus on 4 July', ""Bajaj Finance shares jump 3% following Q1 business update, Morgan Stanley maintains 'overweight'"", 'Paras Defence, BEML, BDL, other defence stocks rally up to 9% after DAC clears Rs 1.05-lakh crore defence purchases', 'Marico jumps over 4% as strong Q1 update lifts investor sentiment', 'Buy Vinati Organics; target of Rs 2300: Sharekhan', 'PC Jeweller shares jump 17% as firm clocks strong revenue growth in Q1, to be debt free in FY26', 'Angel One shares decline 6% as gross client acquisition falls 42% YoY in June']",32.150000000001455,1,7,UP,1
2025-07-03,25505.1,25587.5,25384.35,25405.3,293428797.0,24531.7,2025-07-03,"['IndiGo, Max Healthcare may join Nifty 50 in next rejig, BSE ruled out: Nuvama', 'Auto, pharma stocks rally up to 6% amid US-India trade deal optimism', ""Hindalco, Tata Steel, other metal stocks gain up to 2% as China's services PMI falls to 9-month low in June"", 'Sensex rises 400 pts, Nifty above 25,550: India-US trade deal optimism, other key factors behind market rise', ""Sensex slips 600 pts from day's high, Nifty at 25,400: 3 reasons behind sharp pullback"", 'Stocks to Watch Today: Avenue Supermarts, Indogulf Cropsciences, Punjab National Bank, Nykaa, Aurobindo Pharma, Le Lavoir in focus on 3 July', 'Trade Spotlight: How should you trade Dr Reddys Labs, BSE, Oil India, IDFC First Bank, Voltas, Pidilite Industries, and others on July 4?', 'Gainers & Losers: Stocks that moved the most on July 3', 'DMart shares tumble 4% as Q1 business update fails to excite; should you buy, sell, or hold?', 'Kotak Mahindra Bank shares drop up to 2% on Macquarie downgrade', ""HDFC Bank CEO Sashidhar Jagdishan approaches Supreme Court against Lilavati Trust's FIR"", 'Swiggy, Eternal, other Indian top e-comm stocks outrun Chinese peers on profit hopes', 'Buy Ambuja Cement; target of Rs 692: Prabhudas Lilladher', ""Avenue Supermarts Shares Fall 3.4% Amid High Volume Trading in Today's Session"", 'Defence shares rise as Pentagon says India, US to ink 10-year defence framework', 'Reduce Aarti Industries; target of Rs 420: Prabhudas Lilladher']",-99.79999999999927,0,7,UP,1
2025-07-02,25588.3,25608.1,25378.75,25453.4,309828013.0,26681.66,2025-07-02,"['Gainers & Losers: Top 10 stocks that moved the most on July 2', 'Markets see profit booking: Sensex down 300 pts, Nifty at 25,450 as financial, realty stocks fall', 'Buy Apollo Hospitals; target of Rs 8720: Motilal Oswal', 'Buy Apollo Hospitals Enterprise; target of Rs 8350: Prabhudas Lilladher', ""Asian Paints shares sink as CCI orders probe into anti-competitive behavior, CLSA maintains 'underperform'"", 'Stocks to Watch Today: HDB Financial, Hero MotoCorp, Sambhv Steel, Lupin, JSW Energy, Asian Paints, RITES, Paras Defence, Maruti Suzuki in focus on 2 July', 'Trade Spotlight: How should you trade Nykaa, Amber Enterprises, JSW Steel, UltraTech Cement, Gujarat Gas, Lupin, and others on July 3?', 'Steel stocks rise up to 3.7% as Chinese mills curb production', 'HDB Financial delivers biggest listing gains among over Rs 10,000-crore IPOs post-Covid', 'Buy Ambuja Cements; target of Rs 700: Motilal Oswal', 'Sensex slips 300 pts, Nifty at 25,450: US trade deal jitters among key factors behind market decline', 'HDB Financial shares settle at 14% premium on debut day; should you buy, sell or hold?', ""IndusInd Bank shares fall 3% as Goldman Sachs cuts rating to 'sell' and sees up to 15% downside"", 'Sensex erases morning gains, Nifty tumbles under 25,500; PSU banks, realty stocks lag', 'Lupin shares gain on USFDA approval for Loteprednol Etabonate Ophthalmic gel', 'RBL Bank shares drop 2% after lender denies report on Dubai-based Emirates NBD Bank eying minority stake']",-134.89999999999782,0,5,UP,1
2025-07-01,25551.35,25593.4,25501.8,25541.8,260669106.0,23921.02,2025-07-01,"['PSU bank stocks snap 5-day gaining streak amid profit booking; Union Bank of India, BoB among top losers', 'Trade Spotlight: How should you trade SBI Life, Federal Bank, CESC, Jubilant Foodworks, Carborundum Universal, Kolte-Patil Developers, and others on July 2?', 'Stocks to Watch Today: CG Power, Kalpataru Projects, Ellenbarrie, KSB, NCC, Bharat Electronics, HCL Tech, AAVAS Financiers, Apollo Hospitals in focus on 1 July', 'BEL, BDL, HAL, other defence shares gain for 4th day: Here are likely triggers for the rally', 'ICICI Securities reverses negative outlook on paints sector after four years; upgrades Asian Paints, Berger Paints', 'Indian economy ends first quarter of FY26 on a mixed footing', 'Nuvama gives Reliance Industries highest Street target on solar push, stock up 2%', 'Indian billionaires shine in first half of 2025 despite market turbulence', ""Dr Reddys Laboratories stock flat in today's session amid high volume trading"", ""IDFC First Bank shares gain 6% after Investec upgrades stock to 'Buy'"", 'Small, midcap stocks tumble; broader market indices snap 7-day gaining streak: Here are the top losers', 'IREDA shares jump 3% as disbursements up 31% in Q1, loan book outstanding at Rs 80,000 crore', ""CLSA reiterates 'High Conviction Outperform' on DLF shares, raises target to Rs 1,025"", 'Raymond Realty shares debut at 4% discount on NSE after demerger from Raymond', 'Neutral One 97 Communications; target of Rs 1000: Motilal Oswal', ""RBL Bank shares jump 21% in one month: What's driving the rally?""]",-9.549999999999272,0,9,UP,1
2025-06-30,25661.65,25669.35,25473.3,25517.05,270981274.0,24673.48,2025-06-30,"['Stocks to Watch Today: Torrent Pharma, JB Chemicals, Jyoti CNC, BHEL, Alembic Pharma, Waaree Energies, Prestige Estates, Hind Rectifiers in focus on 30 June', 'Trade Spotlight: How should you trade Varun Beverages, SRF, Page Industries, Apollo Hospitals, Engineers India, Cholamandalam Financial, and others on July 1?', 'Trade Spotlight: How should you trade Apollo Hospitals, ASK Automotive, IndusInd Bank, Ashok Leyland, Laurus Labs, LT Foods, and others on June 30?', 'Taking Stock: Market snaps 4-day gain; Nifty manages to close above 25,500', 'BHEL shares jump 3% to hit 6-month high after firm wins Rs 6,500-crore order from Adani Power', ""Mazagon Dock shares jump 2% on Rs 452-crore acquisition of Sri Lanka's Colombo Dockyard"", ""Small, midcap indices' combined mcap surges by over Rs 5 lakh crore in 7 sessions: Here's what analysts say"", 'Torrent Pharma to become India\x92s fifth-largest drugmaker after JB Pharma acquisition', 'Torrent Pharma expects to recover JB Pharma acquisition cost in 2.5 years from taking control', 'IPO lock-in expiry: Shares worth $403 million from 7 companies freed up for trade', 'Titagarh Rail Systems shares surge after bagging order worth Rs 430-crore', 'Godrej Properties enters Panipat with 43-acre plotted development, eyes Rs 1,250 crore revenue', 'Citi opens 90-day positive catalyst watch on RBL Bank, sees 19% upside; shares gain']",-144.60000000000218,0,13,UP,1
2025-06-27,25576.65,25654.2,25523.55,25637.8,563957748.0,47108.6,2025-06-27,"['Gainers & Losers: Top 10 stocks that moved the most on June 27', ""Vedanta, Tata Steel, others rise up to 3% as White House hints Trump's July tariff deadline 'not critical'"", 'Stocks to Watch Today: Hitachi Energy, Lemon Tree Hotels, Embassy Developments, Western Carriers, Power Mech, Premier Energies in focus on 27 June', 'SBI likely to raise Rs 5,000 crore through Tier-II bonds by August, says report', 'Nifty Bank hits new all-time high again, tops 57,400 for the first time ever', 'Trade Spotlight: How should you trade Bajaj Finserv, Nykaa, LIC Housing Finance, Kajaria Ceramics, Max Healthcare Institute, and others on June 27?', ""IndusInd Bank shares surge on report that Axis Bank's Rajiv Anand likely strong candidate for CEO role"", 'Coforge, HCL Tech, other IT names rise up to 3% on hopes of early Fed rate cut, Nasdaq rally', 'Jio Financial shares rise after SEBI clears Jio BlackRock Broking to operate as stockbroker', 'NBFCs speeding up IPO plans, likely to raise over Rs 30,000 crore in FY26: Report', 'BHEL bags Rs 6,500 crore contract from Adani Power for 6 thermal units', 'Torrent Pharma revives talks to acquire KKR\x92s stake in JB Pharma; deal expected soon']",61.14999999999782,1,8,UP,1
2025-06-26,25268.95,25565.3,25259.9,25549.0,428891818.0,38689.39,2025-06-26,"['Trade Spotlight: How should you trade Titan, Crompton Greaves Consumer, EID Parry, TVS Motor, Birlasoft, Newgen Software, and others on June 26?', 'HDB Financial Services IPO valuation trails Bajaj Finance, Chola despite steady fundamentals', 'Bank Nifty hits record high of 57,263; HDFC Bank, Axis Bank shares jump up to 2%', ""PSUs should find a place in investors' portfolios; SBI, BEL, Coal India among top picks: Motilal Oswal"", 'Stocks to Watch Today: Mobikwik, Western Carriers, PB Fintech, Texmaco Rail, Om Infra, JSW Energy, SMS Pharmaceuticals in focus on 26 June', 'UltraTech Cement Shares Climb 2% Amid Bullish Market Sentiment', 'BPCL, IOC, HPCL shares extend rally as crude oil cools off; Brent crude under $70/bbl', 'Sensex soars 1,000 pts, Nifty tops 25,500: Positive global cues among key factors behind market rally', ""Swiggy CEO Sriharsha Majety \x91super agile and paranoid\x92 after Rapido's food delivery foray"", 'Nestlé India Board Approves 1:1 Bonus Share Issue', 'HDB Financial IPO gets fully subscribed on Day 2; NII portion booked 2x: Check latest GMP', 'Lloyds Metals and Energy Hits All-Time High of Rs 1,551.70 on BSE', 'Panasonic exits washing machine, refrigerator segments in India; Whirlpool, Voltas shares jump up to 5%', 'Hindustan Copper, Vedanta shares jump up to 5% on soaring copper prices globally', 'Metal stocks extend rally to 5th straight session on weaker dollar; SAIL, Vedanta, Tata Steel gain up to 3%', 'Abbott India Shares Hit All-Time High of Rs 32,330 on NSE', 'Texmaco Rail shares rise 6% on wagons supply order worth Rs 535 crore', ""Max Healthcare Stock Hits All-Time High on BSE, Trading in Green in Today's Session"", 'Voltas share price rises over 2%, among top midcap gainers in today\x92s trading session', 'Block deal mania on Dalal Street, shares worth Rs 1,700 crore exchange hands in trade', 'PB Fintech block deal: Stake worth Rs 920 crore sold, co-founder likely sellers', ""DLF shares decline more than 2% in today's trading session""]",280.0499999999993,1,35,UP,1
2025-06-25,25150.35,25266.8,25125.05,25244.75,260582584.0,22985.17,2025-06-25,"['Centre drafts proposal on emission reduction targets for PSU and private refineries, along with textile sector', 'Defence stocks extend losses to 2nd day as Israel-Iran ceasefire weighs; Paras Defence, GRSE, BEL down up to 4%', 'Tata Group first Indian brand over the $30 billion value mark, Eternal joins the top 50 list', 'Citi Research hikes target price on Reliance Industries on strong outlook for Jio, shares rise', ""Titan shares jump 2% as Macquarie maintains 'outperform', sees demand recovery"", 'Buy Bharat Electronics; target of Rs 500: Choice Equity Broking', ""Adani, Reliance partner to offer each other's fuels in select outlets"", 'Scale is important, the biggest risk taken so far was Jio, says Mukesh Ambani', ""Infosys, TechM, others up 2% as US Fed chief Powell's testimony spurs rate cut bets"", 'Mukesh Ambani says Reliance aiming to become a deep-tech and advanced manufacturing company', 'Stocks to Watch Today: Timex Group India, Infosys, Hindalco, BLS E-Services, JB Chemicals, Aurobindo Pharma, Bajel Projects, Arisinfra in focus on 25 June', 'HDFC Bank Dividend: Record date announced for shareholder eligibility; buy before deadline to get paid', 'JSW Steel Shares Climb 2.03% Amidst Market Fluctuations', 'Trade Spotlight: How should you trade Oberoi Realty, Canara Bank, Delhivery, Kajaria Ceramics, Swiggy, Lodha Developers, and others on June 25?', 'JB Chemicals share price gains on USFDA approval for anti depression tablets', ""It's all in the name: Allchem IPO plans run into trademark suit filed by pharma biggie Alkem"", 'Buy Max Financial Services; target of Rs 1850: Sharekhan']",94.40000000000146,1,15,UP,1
2025-06-24,25179.9,25317.7,24999.7,25044.35,450185468.0,35508.9,2025-06-24,"['Adani Ports shares surge 5% as investors cheer possible Iran-Israel ceasefire', 'ONGC Consolidated March 2025 Net Sales at Rs 170,811.73 crore, up 2.42% Y-o-Y', 'ONGC, Oil India, other oil refinery stocks tumble up to 5% as crude oil prices drop on likely Israel-Iran ceasefire', 'Trade Spotlight: How should you trade Eicher Motors, DMart, Indus Towers, Chambal Fertilisers, MCX India, BHEL, CDSL, and others on June 24?', 'Buy Axis Bank; target of Rs 1470: ICICI Securities', 'IOC, BPCL, HPCL shares rally 5% as crude price tanks on cooling Middle East tensions; Oil India sinks 3%', 'Adani Group stocks rise up to 4% after Gautam Adani announces $15-20 bn annual capex in next five years at AGM', 'Sensex soars 1,000 pts, Nifty near 25,300: Trump claiming Israel-Iran truce among key factors behind market rally', ""Sensex slips 1,100 pts from day's high, Nifty below 25,050: 3 reasons behind sudden market fall"", 'Bharat Electronics shares decline amid high volume trading', 'HCLTech joins hands with Nasdaq-listed chip major AMD to create centers to speed up AI, digital, cloud solutions', ""Avenue Supermarts Shares Decline by 2.05% in Today's Session"", 'Bajaj Holdings shares jump 2.33% amid high trading volume', ""Nifty PSU Bank rallies over 2% as HDFC Securities flags 'secular turnaround'"", 'LIC leads way as HDB Financial Services raises Rs 3,369 cr from anchor investors', 'Hindalco Industries acquires specialty alumina manufacturer AluChem Companies for $125 mn', ""Dr Reddys Laboratories shares rise by 2.03% in today's trading session"", 'Stocks to Watch Today: Enviro Infra Engineers, HG Infra, Garware Technical Fibres, Metro Brands, Adani Total Gas, CESC, SJVN, Eppeltone in focus on 24 June', ""Adani Total Gas, Granules, IRB Infra among 8 stocks to be deleted from NSE's F&O segment from Aug series"", 'Make in India for EVs gets policy push as Centre launches online portal to invite application', 'Grasim Consolidated March 2025 Net Sales at Rs 44,267.26 crore, up 17.34% Y-o-Y', 'Buy Aarti Industries; target of Rs 525: Emkay Global Financial', 'Vodafone Idea shares surge 6% amid report of Centre considering relief on Rs 84,000-cr dues', 'Gland Pharma gets US FDA nod for Visakhapatnam facility', 'Azad Eng Consolidated March 2025 Net Sales at Rs 126.93 crore, up 36.78% Y-o-Y', 'GSFC Consolidated March 2025 Net Sales at Rs 1,922.19 crore, down 2.19% Y-o-Y', 'Anupam Rasayan Consolidated March 2025 Net Sales at Rs 500.16 crore, up 24.72% Y-o-Y', 'Mankind Pharma Consolidated March 2025 Net Sales at Rs 3,079.37 crore, up 26.15% Y-o-Y', 'Clean Science Consolidated March 2025 Net Sales at Rs 263.68 crore, up 15.89% Y-o-Y', 'Zydus Life Consolidated March 2025 Net Sales at Rs 6,527.90 crore, up 17.96% Y-o-Y', 'NALCO Consolidated March 2025 Net Sales at Rs 5,267.83 crore, up 47.19% Y-o-Y', 'Vodafone Idea shares surge nearly 6%, among top midcap gainers today with high volume trading', 'NMDC Shares Surge 2.26% Amid High Volume Trading', 'Rail Vikas Consolidated March 2025 Net Sales at Rs 6,426.88 crore, down 4.28% Y-o-Y', 'Defence stocks snap 2-day rally to fall more than 2% on Israel-Iran ceasefire; BEML, GRSE decline up to 7%', 'Railways likely to hike AC and non-AC train fares, Titagarh, Jupiter Wagons, other shares higher by up to 5%', 'Meera Industrie Consolidated March 2025 Net Sales at Rs 7.40 crore, down 22.89% Y-o-Y', 'Rupa and Comp Consolidated March 2025 Net Sales at Rs 415.48 crore, up 3.75% Y-o-Y', 'Gokaldas Export Consolidated March 2025 Net Sales at Rs 1,015.34 crore, up 24.98% Y-o-Y']",-135.5500000000029,0,51,UP,1
2025-06-23,24939.75,25057.0,24824.85,24971.9,248534153.0,20797.88,2025-06-23,"[""Trent Shares Rise Over 2% In Today's Trading Session"", 'Paints, tyre stocks see selling pressure as crude oil spikes amid Middle East tension', 'Hero Moto, M&M, others tumble up to 2%, dragging Nifty Auto after a three-day rise', ""Adani Enterprises unit commissions India's first off-grid green hydrogen pilot plant; shares rise 1.5%"", 'Rising oil prices could hurt the business of these sectors and stocks the most', 'Trade Spotlight: How should you trade Indus Towers, Kotak Mahindra Bank, NRB Bearings, ICICI Lombard, KFin Technologies, M&M, and others on June 23?', ""Sensex rises 500 pts from day's low, Nifty near 25,000: 5 reasons behind sharp market reversal"", 'HPCL, BPCL, IOC shares in red, ONGC stock gains as crude oil prices rally amid Middle East escalations', 'Bharat Electronics shares up 3% to hit fresh record high on orders win of Rs 585cr', ""Midcap, smallcap indices rise over 1% from day's low despite weakness in benchmarks: Zen Tech, Polycab among top gainers"", 'Defence stocks rally after US strikes Iran; GRSE, BEL, others jump up to 6%', 'Stocks to Watch Today: Zen Technologies, NLC India, Bajel Projects, Bharat Electronics, Granules India, Waaree Renewable in focus on 23 June', ""HCL Technologies Shares Fall More Than 2% in Today's Trading Session"", 'Sensex crashes over 500 pts, Nifty below 25,000: US strikes on Iran among key factors behind market decline', ""Chartist Talks: Nifty likely to trade between 24,400\x9625,200 this week, says JM Financial's Rahul Sharma"", 'BSE, IndiGo shares jump up to 3% on likely inclusion into Nifty 50', 'BSE, Indigo may join Nifty 50, IndusInd Bank, Hero MotoCorp to be excluded in next review: CNBC-TV18', 'CLSA sees NHPC shares doubling in four years, helped by projects on fast-track after Indus treaty suspension', ""Cochin Shipyard shares gain over 1.5% in today's trading session amid high volumes""]",32.150000000001455,1,2,UP,1
2025-06-20,24787.65,25136.2,24783.65,25112.4,574654035.0,55782.03,2025-06-20,"['CCI may probe leak of sensitive info in Asian Paints case to law firm, say govt sources', 'Trade Spotlight: How should you trade Eicher Motors, Tata Consumer Products, M&M, Wipro, Bharti Airtel, and others on June 20?', 'Buy Trent; target of Rs 6781: Sharekhan', 'Bulls charge on D-Street! Nifty tops 25,100, Sensex snaps 3-day losing streak amid broad-based buying', 'Trent, BEL to join 30-share Sensex today, Nestle India, IndusInd Bank excluded', 'What does Gilead\x92s twice-a-year shot means for fight against HIV? When will India get Yeztugo?', 'Sensex surges over 1,000 pts, Nifty above 25,100: Fresh FII buying among key factors behind market rebound', 'Stocks to Watch Today: Sai Life Sciences, Kaynes Tech, GMM Pfaudler, Axiscades Tech, Natco Pharma, ITD Cementation, Oswal Pumps in focus on 20 June', 'Rare bet in the works; LIC eyeing participation in anchor book of HDB Financial Services IPO', ""Swiggy, Hyundai, Waaree Energies, other stocks jump up to 8% after inclusion into London's FTSE index"", 'Defence index rises 2% to snap 2-day fall on escalating Israel-Iran tensions; BEML, GRSE rise up to 9%', 'Mid, smallcap indices jump 1% to snap 3-day losing streak: Waaree Energies, IREDA, RailTel, others surge up to 6%', 'Sai Life Sciences block deal: 10% equity changes hands, TPG Asia likely seller', 'Jefferies flags valuation risks, adds TVS Motor, Home First Finance, Manappuram to India portfolio', 'Godrej Properties experiences 1.72% surge amid high trading volumes']",324.75,1,13,UP,1
2025-06-19,24803.25,24863.1,24733.4,24793.25,274619935.0,23620.79,2025-06-19,"[""Nifty IT sharply down on selloff after Fed's inflation, tariff view; Wipro sole gainer on upgrade"", 'Buy Trent; target of Rs 6900: Motilal Oswal', 'Buy Bharat Electronics; target of Rs 445: Sharekhan', 'Buy Axis Bank; target of Rs 1400: Emkay Global Financial', 'Adani Ports shares fall 2.3%, extend decline to 9% in seven sessions amid escalating Israel-Iran conflict', 'HPCL, BPCL, IOC slip as Brent inches towards $77 amid escalating Iran-Israel war, ONGC shares rise', 'Apollo Hospital Standalone March 2025 Net Sales at Rs 2,075.30 crore, up 9.54% Y-o-Y', ""Metal, realty stocks tumble up to 3% as US Fed's hawkish stance weighs in"", 'Stocks to Watch Today: Zydus Lifesciences, Tata Elxsi, Abbott India, ESAF Small Finance Bank, Siemens Energy, Aegis Vopak, IKS Health, Vodafone in focus on 19 June', 'Mid, smallcap indices plunge 2%, extend losses for 3rd day amid broad-based selling: IREDA, RVNL, FirstCry among top losers', ""Adani Power Shares Fall by 2.8% in Today's Trading"", ""HDB Financial IPO: Eight things to know about India's largest-ever NBFC IPO"", ""Ambuja Cements stock falls more than 1% in today's trading session"", ""India's biggest NBFC IPO by HDFC Bank arm HDB Financial to launch between June 25-27"", 'Trade Spotlight: How should you trade Asahi India Glass, Avenue Supermarts, AU Small Finance Bank, Cyient, Vedant Fashions, and others on June 19?', ""Nestle India's board to mull issue of bonus shares on June 26"", ""Eternal-Zomato Shares Climb 2.10% in Today's Trading"", 'Buy Ambuja Cements; target of Rs 630: Motilal Oswal', ""Indian Renewable Energy Development Agency-IREDA shares fall 2.01% in today's session"", 'Vedanta, Hind Zinc shares down 3 percent to lead selloff on metal index a day after major corporate action', 'Defence stocks rebound on escalating Israel-Iran conflict; Paras Defence, Mazagon Dock, BDL rise up to 4%', 'Hindustan Zinc shares plunge 3%, extend losses for seventh session: Should you buy, sell or hold?', 'Vedanta to hold 60th AGM on July 10 via VC; e-voting, book closure dates announced', 'Jindal Stainless promoter entity JSL Overseas buys 1.87 lakh shares', ""Rail Vikas Nigam shares decline 2.06% in today's trading"", 'Raj Rayon Ind Standalone March 2025 Net Sales at Rs 205.85 crore, down 5.17% Y-o-Y']",-10.0,0,-10,DOWN,0
2025-06-18,24788.35,24947.55,24750.45,24812.05,237599011.0,22044.05,2025-06-18,"['Defence rally riding on structural tailwinds, not just conflict sentiment, say analysts', ""Sensex falls 400 pts from day's high, Nifty below 24,850: 3 reasons behind market decline"", 'Adani Ports shares drop 2%, extend losses for 6th session amid Israel-Iran conflict', 'IT shares snap three-day gaining streak ahead of US Fed meet; Coforge, TCS, others fall up to 1.5%', ""Sensex surges 550 pts from day's low, Nifty above 24,850: Fresh FII buying among key factors behind market rise"", ""Trent stock jumps 2%, emerges as one of top Nifty gainers on bullish brokerage calls: Here's what analysts say"", 'Retail investors bet big on turnaround stories in hopes of a jackpot', 'Indian pharma companies sit on record cash pile, set sights on acquisitions', ""DLF's Rs 11,000-crore luxury project Privana North in Gurugram sells out in a week"", 'Trade Spotlight: How should you trade PB Fintech, Persistent Systems, Zensar Technologies, SBI Life Insurance, Supreme Industries, and others on June 18?', ""DMart shares rise 3.5% after firm announces new store opening in Agra; here's what Morgan Stanley says"", ""Avenue Supermarts-DMart Shares Surge 2.22% in Today's Trading Session"", 'Stocks to Watch Today: Urgo Capital, Delhivery, SML Isuzu, Hindustan Zinc, Bharat Forge, Polycab, RailTel Corporation in focus on 18 June', ""Hind Copper, Hindalco, Nalco shares rise despite overall weakness in metals: Here's why"", 'CCI nod impact: Mahindra & Mahindra, Delhivery shares rise up to 2%', 'Avenue Supermarts shares surge 3.40% amid high trading volume', 'Vedanta Sells 1.6% Equity Stake in Hindustan Zinc for Rs 3,028 Cr to Cut Debt', 'Alkem Labs Appoints Diwakar Gupta as Independent Director', 'Pidilite Details Dividend Tax Rules, Declares Deadline for Forms, Record Date for Shareholder Eligibility', 'Neutral Voltas; target of Rs 1350: Motilal Oswal', 'Neutral Hindustan Zinc; target of Rs 480: Motilal Oswal', 'Vodafone Idea Standalone March 2025 Net Sales at Rs 10,879.50 crore, up 3.89% Y-o-Y', ""Abbott to distribute MSD's diabetes drug and its combinations in India"", 'Buy Voltas; target of Rs 1450: Emkay Global Financial', 'Vedanta declares first interim dividend of Rs 7 per share for FY26, confirms selling 1.6% stake in Hindustan Zinc', ""Max Healthcare Institute shares decline 2.02% in today's session"", 'Glenmark: USFDA Issues 5 Procedural Observations for Monroe Unit', 'Vedanta Declares ?7/Share Interim Dividend for FY26, Fixes Record Date for Shareholder Eligibility', 'SJVN Standalone March 2025 Net Sales at Rs 445.99 crore, down 3.4% Y-o-Y', 'RailTel Corporation shares gains on LoI worth Rs 44 crore', ""Hindustan Zinc share price falls nearly 6% in today's trading session, stock among top midcap losers"", ""One 97 Communications Paytm Shares Rise by Over 2% in Today's Session"", 'DLF Sells Out Privana North for ?11,000 Cr in a Week', 'Renaissance Standalone March 2025 Net Sales at Rs 348.94 crore, up 0.97% Y-o-Y']",23.700000000000728,1,22,UP,1
2025-06-17,24977.85,24982.05,24813.7,24853.4,242415740.0,21818.05,2025-06-17,"[""Sun Pharmaceutical Industries Stock Falls 2.02% in Today's Trading Session"", 'Indian Oil to supply LNG to NTPC\x92s upcoming 50 MW power plant in Andaman & Nicobar', 'Indian drugmakers gearing up to target global weight-loss market as semaglutide patents begin to expire in 2026', 'Bharat Electronics Stock Hits 52-Week High on BSE Amidst Bullish Sentiment', ""NHPC drops plan to buy PSU peers' stake in PTC India, says report"", 'Steel Secretary says FY26 imports will be half of last year, helped by safeguard duty', ""Pharma stocks sharply tumble as Donald Trump says 'pharma tariffs coming very soon'; Granules, Lupin, Laurus Labs fall up to 4%"", 'Trade Spotlight: How should you trade Biocon, Swiggy, Kotak Mahindra Bank, Apollo Hospitals, SJS Enterprises, TCS, Oberoi Realty, and others on June 17?', 'Stocks to Watch Today: Vishal Mega Mart, Biocon, TCS, Mastek, HCL Tech, ICICI Bank, Tanla Platforms, Zee Entertainment, IndiaMART in focus on 17 June', 'Reliance Power stock hits 5% lower circuit on profit booking, extends losses to 17% in 4 sessions after rallying 70% in 1 month', ""Crude oil prices soar following Trump's comment on Israel-Iran tensions; HPCL, BPCL, IOC shares shrug off fears"", 'Clean energy IPO rush this fiscal, firms line up offers worth Rs 25,000 crore', 'Ajanta Pharma Promoter Pledges 2.6 Lakh Shares for Lender Change', 'YES BANK Gets ?78 Cr from Trust in Security Receipts Portfolio', 'MSCI August rejig: Swiggy, Mazagon Dock among likely additions, $850 million inflows seen', ""Solar Industries India stock hits 52-week high on NSE, up 0.63% in today's trade"", ""Max Healthcare Shares Reach 52-Week High in Today's Session"", 'Solar Industries India Stock Hits All-Time High of Rs 17,149 on NSE, Gains 0.85% Today', ""Mazagon Dock Shipbuilders Shares Surge by 2.10% in Today's Trading Session"", 'Buy Jindal Stainless; target of Rs 810: Motilal Oswal', ""Hindustan Zinc Shares Decline by 2.31% in Today's Trading Session"", 'Indian telcos must monetise 5G first, even as 6G research gains momentum: GSMA chief', ""Gland Pharma Shares Surge 2.25% in Today's Trading Session"", ""Vedanta likely to sell Hindustan Zinc's shares worth up to Rs 7,500 crore via block deals: CNBC-TV18"", 'Hindustan Zinc to set up integrated zinc metal complex at Rajasthan with capex of Rs 12k crore, shares fall 5%', 'Mazagon Dock, BDL, other defence stocks rally up to 5% as Israel-Iran war enters 5th day: What lies ahead?', 'Buy AU Small Finance Bank; target of Rs 900: Sharekhan']",-124.44999999999709,0,9,UP,1
2025-06-16,24732.35,24967.1,24703.6,24946.5,305813047.0,23857.15,2025-06-16,"['Sensex surges over 700 pts, Nifty above 24,950: Positive global cues among key factors behind market rise', 'Nifty IT index tops the chart after gaining Rs 1.16 lakh crore in value in nine sessions with eight up days', ""Oil and Natural Gas Corp Shares Rise 2.06% in Today's Trading Session"", 'BDL, Mazagon Dock shares drop 2% as high valuations put pressure on defence stocks post- short-term rally', 'Asian Paints block deal: 85 lakh shares worth Rs 1,876 crore change hands', 'Iran-Israel conflict: No disruption to oil supply yet but OMCs face higher shipping costs', ""Sun Pharma shares sink following eight observations from US FDA, UBS maintains 'buy' call"", 'Stocks to Watch Today: ITC, Bajaj Finance, Sun Pharmaceutical, Syngene, Natco Pharma, Vedanta, Sacheerome in focus on 16 June', 'HPCL, BPCL, IOC shares gain up to 2% as Brent crude drops below $74 per barrel', ""Cipla share price rises 2.09% in today's trade"", 'Bajaj Finance shares adjust to bonus and stock split: Why you should ignore the 90% plunge', ""OMCs' earnings may hold firm even as Israel-Iran conflict lifts crude prices: Brokerages"", 'Rising crude oil prices may pressure paints, tyre stocks amid escalating Israel-Iran conflict', ""Bajaj Holdings Shares Tumble 2.50% in Today's Session"", 'JSW Paints may have bought itself a lifeline with AkzoNobel India stake purchase', 'HDFC Bank shares gain as Jefferies retains lender as top pick, updates on HDB Financial listing', ""Adani Total Gas Shares Decline by 2.03% in Today's Trading Session"", ""Samvardhana Motherson International Shares Decline by 2.05% in Today's Trading Session"", 'Morgan Stanley turns constructive on chemicals, upgrades PI Industries, Navin Fluorine', 'Trade Spotlight: How should you trade SCI, Narayana Hrudayalaya, Manappuram Finance, Max Healthcare Institute, Sigachi Industries and others on June 16?', ""Cochin Shipyard share price falls over 2%, stock among top midcap losers in today's trading session"", ""Indus Towers Shares Rise by 2.04% in Today's Trading Session"", ""Cochin Shipyard Shares Rise by Over 2% in Today's Trading Session"", 'Lupin Inks Pact with Sino Universal Pharma for Tiotropium DPI in China Market', ""Mazagon Dock Shipbuilders Shares Decline by 2.10% in Today's Trading Session"", ""PB Fintech-Policybazaar Shares Decline 2.16% in Today's Trading Session"", 'Godrej Properties, Arkade Developers shares rise up to 5% on project updates']",214.15000000000146,1,4,UP,1
2025-06-13,24473.0,24754.35,24473.0,24718.6,318711364.0,24838.56,2025-06-13,"['Iran-Israel conflict: Crude surge, threat to shipping lanes keeping oil refiners on the edge', 'Black Friday: Sensex tumbles 600 pts, Nifty below 24,750; Middle East tensions among key factors behind market decline', 'Defence stocks surge as Israel-Iran war escalates; GRSE, BDL, BEL others jump up to 5%', 'Crude sensitive stocks plunge as oil prices surge after Israel attacks Iran; HPCL, Asian Paints, others down up to 4%', 'Adani Ports, other Adani stocks plunge up to 3%: Here are 4 reasons behind the downturn', 'Titan Co. Details June 2025 Investor Meeting Schedule', ""Dr. Reddy's Laboratories Shares Decline Amid High Trading Volume"", 'Bank Nifty crashes 1.2% as Israel strikes Iran; AU SFB, Kotak Mahindra Bank, others fall up to 2.1%', ""Power Grid Corporation shares decline over 1% in today's session"", 'Trade Spotlight: How should you trade Ajanta Pharma, Hyundai Motor India, Max Healthcare Institute, Nelcast, Cera Sanitaryware and others on June 13?', ""Moody's upgrades Yes Bank's rating to Ba2 from Ba3; changes outlook to stable"", 'Vedanta to consider first interim dividend for FY26 on June 18', 'RBI gives Yes Bank CEO Prashant Kumar a 6-month extension', 'Alkem vs Allchem: Pharma players in a legal tussle over who owns the name']",245.59999999999854,1,-11,DOWN,0
2025-06-12,25164.45,25196.2,24825.9,24888.2,328310748.0,29573.27,2025-06-12,"['Nifty Pharma sole sectoral gainer as investors await clarity on Trump tariffs; Ajanta Pharma, Ipca Labs lead gains', 'Asian Paints shares jump 2% after equity worth Rs 7,703 crore changes hands in large block deal', 'Reliance Industries sells 3.5 crore shares of Asian Paints at Rs 2,201 apiece', 'NTPC Unit Adds 660 MW; Group Capacity Reaches 81,368 MW', 'Stocks to Watch today: NTPC, Asian Paints, Torrent Power, Jubilant Foodworks in focus on June 13', ""Sun Pharmaceutical Industries Shares Rise by 2.13% in Today's Trading"", ""Ahmedabad plane crash impact: Hotel, online ticket-booking firms' stocks fall up to 4%"", 'Indian Oil to set up new POL terminal at Andaman & Nicobar amid rising fuel demand', 'IndiGo, SpiceJet shares sharply drop after Air India flight crashes near Ahmedabad airport', 'Persistent Systems, Infosys, other IT shares drop up to 2% as trade, geopolitical tensions weigh', 'Shriram Finance shares experience high volume trading, decline by 1.23%', 'Trent Ltd Sets July 12 for 73rd AGM, E-voting Details Announced', 'HDFC Bank stock trades lower amid high volumes', 'FMCG index extends losses to 2nd day after multi-session rally; Dabur, Hindustan Unilever, others drop up to 3%', 'Stocks to Watch Today: Zydus Lifesciences, CE Info Systems Nazara Tech, Sterlite Technologies, HG Infra, Hindustan Copper, Angel One in focus on 12 June', 'Trade Spotlight: How should you trade CG Power Industrial, Ashok Leyland, HCL Technologies, BPCL, Biocon, Lupin, GAIL and others on June 12?', ""Mankind Pharma Shares Rise 2.24% in Today's Trading Amid Very Bearish Sentiment"", ""Max Healthcare Institute shares rise 2.02% in today's trading"", ""Monsoon causes 'minor damages' to NHPC's Subansiri hydro project; commissioning delayed further"", 'Max Healthcare Institute Shares Surge 2.36% Amid High Trading Volume', ""Ajanta Pharma shares rise by 2.21% in today's session"", 'Cohance Life Standalone March 2025 Net Sales at Rs 330.17 crore, up 35.58% Y-o-Y', 'TITAGARH Standalone March 2025 Net Sales at Rs 1,003.64 crore, down 4.63% Y-o-Y', 'Zydus Lifesciences shares gain after USFDA issues EIR to Ankleshwar facility', 'Defence shares fall for 4th time in 5 sessions amid profit booking; Mazagon Dock, GRSE, others fall up to 3%', 'Cochin Shipyard shares rise 2.05% amid bullish market sentiment', 'Alkem Lab Standalone March 2025 Net Sales at Rs 2,044.94 crore, down 13.55% Y-o-Y', 'Small, midcap indices fall for second day as profit booking continues: What lies ahead?', ""Mazagon Dock Shipbuilders stock declines 2% during today's session"", 'DLF set to launch luxury project Privana North in Gurugram amid high interest from HNIs, NRIs', ""Paytm shares crash 7.51%: One 97 Communications stock among top midcap losers in today's session""]",-276.25,0,-1,DOWN,0
2025-06-11,25134.15,25222.4,25081.3,25141.4,301245273.0,25871.18,2025-06-11,"[""Sensex soars 450 pts from day's low, Nifty above 25,200: US-China trade talks optimism, other key factors behind market rise"", ""Indian Oil Corporation shares rise by 2.12% in today's session"", 'RIL shares hit 8-month high, BPCL, HPCL, Oil India jump up to 4% on multiple triggers', ""Tech Mahindra shares rise by 2.1% in today's session"", 'Eternal shares gain 1%, snap two-day losing streak after 61 lakh shares exchange hands in Rs 156-crore block deal', 'Rapido food delivery foray: New entrants been unsuccessful; expect minimal impact on Zomato, Swiggy duopoly, say analysts', 'Jio BlackRock Investment Advisers receives SEBI nod to launch advisory business', 'GRSE, BDL, Mazagon Dock fall up to 5% amid profit-booking; Nifty defence among top sectoral losers', ""Vodafone Idea shares rise by 2.01% in today's session"", 'Small and midcap indices snap multi-session gaining streak as stocks fall on profit booking', 'Hindustan Zinc announces Rs 10 interim dividend for FY26; shares tumble 3%', 'IREDA raises Rs 2,006 crore from QIP, LIC picks 50% shares at Rs 1,003 crore', 'Stocks to Watch Today: Aditya Birla Capital, Sonata Software, Wipro, Kaynes Technology, CreditAccess Grameen, Reliance Infrastructure in focus on 11 June']",7.25,1,10,UP,1
2025-06-10,25196.05,25199.3,25055.45,25104.25,307323471.0,28813.93,2025-06-10,"['Trade Spotlight: How should you trade Ramco Cements, Mphasis, CRISIL, Prism Johnson, NIIT, Jindal Steel, BHEL and others on June 11?', ""Hindustan Aeronautics Shares Rise by 2.22% in Today's Trading"", 'UltraTech Cement, Grasim Industries rally up to 4% as Morgan Stanley remains bullish', 'Coforge, Mphasis, other IT shares rise up to 4% on optimism over US-China trade talks', 'Trade Spotlight: How should you trade Oracle Financial, Praj Industries, Bank of India, Trent, NMDC, Zensar Technologies and others on June 10?', 'Grasim Industries Shares Surge 4.55% Amid High Volume Trading', ""Swiggy, Eternal shares fall for 2nd day amid jitters over Rapido's potential foray into food delivery"", 'DMart shares crack 4% following Rs 634 crore block deal', 'HDFC Bank cuts interest rates on select FD, savings accounts post-RBI rate cut: Check the latest rates here', ""SJVN shares rise 2.16% in today's session"", 'Hindustan Zinc looking at rare earth opportunity; mining auction process needs reform, says CEO', ""Deepak Fertilisers' Gujarat Project Cost Up 1.68% to ?1,982.79 Cr"", 'RailTel board to meet on June 15 to mull FY25 final dividend', 'Balaji Amines Standalone March 2025 Net Sales at Rs 321.56 crore, down 12.42% Y-o-Y', 'Jindal Stainless Shares Surge 1.36% Amid High Trading Volumes', 'Accumulate Balaji Amines; target of Rs 1612: Deven Choksey', 'HDFC AMC, other AMC stocks see profit booking post-May AMFI data', 'Real estate stocks fall for 2nd day amid profit booking; Sobha, Macrotech Developers, others tumble up to 2.5%']",-91.79999999999927,0,11,UP,1
2025-06-09,25160.1,25160.1,25077.15,25103.2,279219989.0,25606.21,2025-06-09,"['Stocks to Watch Today: Asian Paints, Infosys, Garden Reach, GHV Infra Projects, MCX, Bharat Electronics, Afcons Infra, UPL, Hindustan Copper in focus on 9 June', ""PSU Bank index jumps 2% amid RBI's liquidity boost; BoI, BoM, Indian Bank rise up to 4%"", 'Trade Spotlight: How should you trade Persistent Systems, Glenmark Pharma, Eternal, Jindal Stainless, L&T Finance, United Spirits and others on June 9?', 'Jio BlackRock Asset Management announces executive leadership team, offers exclusive early access on website', ""Bank Nifty rallies to record high of 57,000 as RBI's CRR, repo rate cuts boost optimism"", 'Rapido sets sight on food deliveries at lower commission, sending shares of Swiggy, Eternal lower', 'Zomato introduces long-distance fee, rider assurance plan for restaurants to boost order margins', 'Small, midcap indices jump over 1%, outperform benchmarks: Here are the top gainers', 'Data Patterns, Cochin Shipyard, Zen Technologies shares see profit booking after tearaway rally in last one month', 'Buy Aarti Industries; target of Rs 550: Sharekhan', ""NMDC Shares Rise by 2.01% in Today's Session"", 'Hindustan Copper shares gain on MoU with RITES to strengthen supply chain', ""Voltas Shares Rise by 2.04% in Today's Trading Session"", ""Realty stocks in red amid profit booking after massive gains following RBI's jumbo rate cut""]",-56.89999999999782,0,10,UP,1
2025-06-06,24748.7,25029.5,24671.45,25003.05,335581057.0,30041.71,2025-06-06,"['Bajaj Finserv block deal: Around 2.9 crore shares worth Rs 5,506 crore exchanged', 'BEL and Tata Electronics to co-develop indigenous semiconductor solutions', ""JSW Steel, Tata Steel, other metal stocks surge up to 4% after RBI's surprise 50 bps rate cut"", ""RBI delivers 100 bps cut in CRR: 'This infusion of liquidity is a timely move,' say market experts"", 'Experts pitch 14 rate-sensitive stocks after RBI surprises with larger repo cut, CRR action', 'Bajaj Finance, SBI Cards, other FinNifty shares rally up to 4% as RBI Guv says stress in unsecured loans, credit card segments has abated', ""Tata Steel Shares Fall More Than 2% During Today's Trading Session"", 'Stocks to Watch Today: IREDA, Bajaj Finserv, Ashoka Buildcon, Praj Industries, JSW Energy, Coal India, Imagicaaworld Entertainment, 3B Films in focus on 6 June', 'Eternal, Swiggy together add over Rs 30,000 crore in market cap this week amid headwinds at Zepto', 'ABB India Shares Surge 2.06% Amid Positive Market Sentiment', ""Adani Power shares jump 2.21% in today's session"", 'Maruti Suzuki India Shares Rise by Over 2%', ""IndusInd Bank shares rise 4% post-RBI officials' comments on the lender"", 'Indraprastha Gas says not looking at CNG price hikes for now, but closely watching international prices', 'Buy Punjab National Bank; target of Rs 126: Geojit Financial Services', 'Deutsche Bank entities cut Yes Bank stake by 2.62% via encumbrance release', 'Hindustan Zinc shares rise 3% as silver crosses Rs 1.05 lakh per kg mark for the first time', ""Hindustan Zinc Shares Rise by 2.46% in Today's Session"", 'Cochin Shipyard Shares Surge 5.63% Amid High Trading Volume', ""Abbott India Shares Hit All-Time High on BSE During Today's Session"", 'Azad Engineering shares crack 8% as stock worth Rs 730 crore exchanged in block deal', ""Rail Vikas Nigam Shares Fall 2% in Today's Trading Session"", 'DLF Shares Surge 2.60% Amidst Bullish Market Sentiment', 'Buy KPR Mill; target of Rs 1287: Sharekhan', ""Nifty Realty top sectoral gainer on RBI's steep rate cut; DLF, Godrej Properties, other real estate shares rally up to 6%""]",254.34999999999854,1,17,UP,1
2025-06-05,24691.2,24899.85,24613.1,24750.9,388405978.0,30186.46,2025-06-05,"['Bharat Electronics shares hit record high on Rs 2,323-crore order wins from Mazagon Dock, GRSE', ""MRF Shares Rise 2.01% During Today's Trading Session"", 'Stocks to Watch Today: NTPC Green, Diamond Power Infra, Newgen Software, Indosolar, Gland Pharma, Hindustan Aeronautics in focus on 5 June', ""Adani Ports and Special Economic Zone Shares Rise by 2.06% in Today's Trading"", 'Tarsons Product Standalone March 2025 Net Sales at Rs 93.04 crore, up 7.4% Y-o-Y', 'Bajaj Finserv promoter entities eyeing part stake sale, launch Rs 4,750-cr block deal with upsize option', 'Smallcap stocks rally up to 12%, index extends gains for fourth day: Here are the top gainers', ""Dr Reddy's, Laurus Labs, other pharma stocks jump up to 3% amid bullish brokerage calls, other triggers"", 'Eternal shares jump 5.5%, extend gains to 9% in two days: Here are the triggers', 'Sensex surges 800 pts, Nifty above 24,850: Rate-cut optimism, other factors behind market rise', ""LIC Acquires Over 2% Equity Stake in Dr Reddy's via Open Market, Boosts Total Shareholding to 8.216%"", 'Deepak Nitrite Standalone March 2025 Net Sales at Rs 654.47 crore, down 2.49% Y-o-Y', 'Hindustan Zinc shares surge 6% as silver hits fresh all-time high of Rs 1.04 lakh per kg', 'Cochin Shipyard, FirstCry, Awfis shares rally up to 12% amid strong jump in trading volumes', 'Trade Spotlight: How should you trade DLF, Info Edge, Fortis Healthcare, L&T Finance, Hindustan Zinc, Power Grid Corporation and others on June 6?', 'Samvardhana Motherson International Shares Rise by 2.06%', 'Alkem Lab Consolidated March 2025 Net Sales at Rs 3,143.75 crore, up 7.08% Y-o-Y', 'Angel One shares rise 4% amid jump in client base, BSE hits fresh 52-week high as other capital market stocks rally too', 'Realty shares surge up to 6% on RBI rate cut optimism; Sobha, DLF lead gains']",59.70000000000073,1,43,UP,1
2025-06-04,24560.45,24644.25,24530.45,24620.2,280862575.0,21907.07,2025-06-04,"['Trade Spotlight: How should you trade Oberoi Realty, LIC Housing, RCF, Signature Global, Valor Estate, Brigade Enterprises and others on June 4?', 'Buy Adani Ports and SEZ; target of Rs 1700: Motilal Oswal', 'Adani Ports and Special Economic Zone sees surge in traded volume, share price up', 'Bajaj Auto Shares Experience Volume Surge, Trading at Rs 8,582.50', 'Buy Apollo Hospitals; target of Rs 8050: Motilal Oswal', 'Tech Mahindra Shares Rise by 1.22%, Experience Increased Trading Volume Today', 'Buy Bharat Electronics; target of Rs 441: Geojit Financial Services', 'Defence stocks GRSE, Cochin Shipyard, others rise for a third day as Op Sindoor ruboff extends on orderbook hopes', ""Trent share price declines by 0.86% in today's session"", 'Sensex rises over 250 points, Nifty above 24,600: Positive global cues among key factors behind market rise', 'Buy Shriram Finance; target of Rs 800: Motilal Oswal', 'UltraTech Cement Shares Experience Slight Dip Amid High Trading Volume', 'Nifty Smallcap 100 rises for a third day to add Rs 17,000 crore to market value this week', ""Tata Steel volume surges, share price edges up 0.22% in today's session"", ""Cipla shares gain in today's trading session"", 'HDB Financial Services unlisted shares gain 30% in one month ahead of SEBI nod for IPO', 'Stocks to Watch Today: Wipro, HDFC Bank, Alkem Labs, Aditya Birla Fashion, Indegene, Tata Technologies, Servotech, Scoda Tubes in focus on 4 June', 'Maruti Suzuki shares rise as carmaker expands solar power capacity at Kharkhoda, Manesar units', ""Dr Reddys Laboratories Shares Rise in Today's Trading Session"", ""Eternal Shares Climb 0.74%, Experience Surge in Trading Volume in Today's Session"", ""Hindustan Zinc shares fall 2.26%, stock among top Midcap losers in today's session"", 'Alkem Laboratories shares sink as 1.4% stake offloaded in block deal, promotor likely seller', 'Block deal fever on D-Street: Shares of Alkem, ABFRL, Tata Tech, Indegene worth Rs 3,480 crore in focus', 'Cochin Shipyard shares surge 5.55% amid high volume', 'Cohance Life Consolidated March 2025 Net Sales at Rs 402.02 crore, up 58.94% Y-o-Y', ""Samvardhana Motherson International shares rise 2.22% in today's session"", 'Railway stocks pull all stops: Ircon, RailTel, RVNL, others rally up to 12% on capex push', 'Lloyds Metals and Energy stock gains over 2.5%, hits 52-week high on BSE today', ""Ajanta Pharma Shares Rise 2.06% in Today's Session"", 'MOTHERSON Consolidated March 2025 Net Sales at Rs 29,316.83 crore, up 8.35% Y-o-Y', ""Cochin Shipyard shares rise 2.41% in today's session"", ""PB Fintech shares rise 2.13% in today's trade"", 'Buy RBL Bank; target of Rs 250: Emkay Global Financial', 'Trade Spotlight: How should you trade JSW Infrastructure, Dabur, RITES, APL Apollo Tubes, Container Corporation, PB Fintech and others on June 5?']",59.75,1,44,UP,1
2025-06-03,24786.3,24845.1,24502.15,24542.5,349288937.0,28906.4,2025-06-03,"[""Cipla Shares Fall in Today's Trading Session Amid High Volume Activity"", 'Sensex down 700 pts, Nifty nears 24,500: Weak global cues, 9 other factors behind market decline', 'BPCL, Indigo Paints, Apollo Tyres, other crude-sensitive stocks fall up to 2% as oil prices climb', 'Adani Group stocks decline up to 2.5% on report US probing alleged links to Iranian LPG', 'Defence shares extend gains for 2nd day amid rising geopolitical tensions; Cochin Shipyard, BEML, others rally up to 5%', 'Trade Spotlight: How should you trade PNB, Swiggy, Bank of India, Adani Ports, CDSL, Canara Bank, NBCC, Bharti Airtel and others on June 3?', 'MRF reclaims title as India\x92s most expensive stock, Elcid Investments shares step aside', 'Tech Mahindra Shares Trade Lower Today Amid High Volume', 'Bajaj Auto Consolidated March 2025 Net Sales at Rs 12,646.32 crore, up 9.45% Y-o-Y', 'Apollo Hospitals Enterprises Shares Fall 1.1% Today Amid High Volumes', ""UltraTech Cement Shares Decline Amid High Trading Volume in Today's Session"", 'Tarsons Product Consolidated March 2025 Net Sales at Rs 112.69 crore, up 6.59% Y-o-Y', 'Adani Ports and Special Economic Zone shares fall about 2% amid high traded volume today', 'Adani denies DOJ probe over Iranian LPG shipments: How are India\x92s energy relations with Tehran?', ""Coal India Shares Fall Over 1.2% Amid High Trading Volume in Today's Session"", ""Maruti Suzuki India shares decline in today's session amid high traded volume"", ""'Black swans and gray rhinos': Nestle India's Suresh Narayanan recalls Maggi crisis among 'greatest challenges' in last letter to shareholders"", 'Bosch Consolidated March 2025 Net Sales at Rs 4,910.60 crore, up 16% Y-o-Y', 'Bajaj Holdings Consolidated March 2025 Net Sales at Rs 145.26 crore, down 88.01% Y-o-Y', 'Stocks to Watch Today: HCL Technologies, Zinka Logistics, Biocon, Torrent Power, Jindal Stainless, Frontier Springs, Prostarm Info Systems in focus on 3 June', 'JSW Steel Consolidated March 2025 Net Sales at Rs 44,819.00 crore, down 3.13% Y-o-Y', 'Sell Vodafone Idea; target of Rs 6.5: Motilal Oswal', 'Gujarat Fluoro Consolidated March 2025 Net Sales at Rs 1,225.00 crore, up 8.12% Y-o-Y', 'Sebi to soon decide on lenient delisting norms for PSUs with high promoter holding', 'Balaji Amines Consolidated March 2025 Net Sales at Rs 352.73 crore, down 14.79% Y-o-Y', 'Block trades power cash market turnover to seven-month high', 'Yes Bank board gives nod to raising Rs 16,000 crore via mix of equity, debt', 'Buy Samvardhana Motherson; target of Rs 175: Motilal Oswal', 'NMDC shifts toward Platts-like index to streamline pricing', 'Buy NMDC; target of Rs 83: Motilal Oswal', 'Yes Bank shares tumble 9% on SMBC clarification; likely fundraising announcement in focus', ""Zydus Lifesciences in licensing deal with America's Agenus for cancer therapy"", 'Hold Vodafone Idea; target of Rs 7: ICICI Securities', 'Deepak Nitrite Consolidated March 2025 Net Sales at Rs 2,179.69 crore, up 2.52% Y-o-Y', 'Telecom minister Scindia rules out any more govt relief for Voda Idea: Report', 'Lux Industries Consolidated March 2025 Net Sales at Rs 817.69 crore, up 15.57% Y-o-Y', 'Realty index extends gains for 2nd day on rate cut hopes; Sobha, Godrej Properties, others surge up to 6%']",-243.79999999999927,0,25,UP,1
2025-06-02,24669.7,24754.4,24526.15,24716.6,311100908.0,25091.04,2025-06-02,"[""UltraTech Cement Shares Decline by 1.42% in Today's Trading"", 'JSW Steel, Tata Steel, SAIL shares sink as Trump threatens 50% tariffs on steel imports', ""Bajaj Auto Shares Decline by 1.65% in Today's Session"", 'Broader markets outperform in a day of rebound to end nearly a percent off lows', 'Stocks to Watch Today: Tata Motors, M&M, Niva Bupa, Alembic Pharma, IRCON, Godrej Properties, Titagarh, AstraZeneca, Genus Power, Nykaa in focus on 2 June', 'Apollo Hospitals ready with Rs 8,000-crore expansion plan, to add 2,000 beds this fiscal', ""Earnings fineprint: Domestic demand lifts India Inc's profit growth, but global headwinds rein in optimism"", 'Coal India May Output Dips 1.4% YoY, Offtake Falls 7.8%', 'Persistent, TechM, other IT stocks drop up to 4% amid escalating US-China trade tensions', ""Adani Ports and Special Economic Zone shares rise 2.38% in today's session"", 'Neutral Bajaj Auto; target of Rs 9151: LKP Research', 'PSU bank shares rise up to 6% on rate cut hopes, Q4 GDP; BoM, Union Bank, IOB lead gains', 'Reliance only Indian firm in highly valued global technology companies list', 'Buy Apollo Hospitals Enterprise; target of Rs 8100: Prabhudas Lilladher', 'Coal India subsidiary Bharat Coking Coal files IPO papers', 'Apollo Hospitals shares gain as Q4 profit jumps 54%; should you buy, sell, or hold?', ""Tata Steel Shares Decline by 1.46% in Today's Trading Session"", 'NTPC Shares Fall Today Amid High Volume Trading', 'Buy Tarsons Products; target of Rs 453: LKP Research', 'Mahindra and Mahindra Shares Gain Nearly 2% Today Amid High Volume Trading', 'Bajaj Holdings Standalone March 2025 Net Sales at Rs 138.02 crore, down 88.95% Y-o-Y', 'Q4 Review: Motilal Oswal sees broad-based beat, Nomura hikes Nifty FY26 target to 26,140', ""Hindalco Industries Shares Fall More Than 1.1% in Today's Trading Session"", ""Grasim Industries stock declines nearly 1% in today's trade"", 'Maruti Suzuki seeks govt support as small car sales slide', ""JSW Steel Shares Fall 1.7% in Today's Trading Session"", 'Sensex falls 600 pts, Nifty below 24,600: Tariff tensions, other key factors behind market decline', ""Hero Motocorp shares decline by 2.07% in today's session"", 'Accumulate Anupam Rasayan India; target of Rs 1053: Deven Choksey', ""Yes Bank shares rise 6% ahead of Tuesday's board meet to consider fundraising"", 'Q4 results impact: Titagarh Rail gain up to 3% on strong March earnings; Puravankara, Spandana Sphoorty decline up to 7%', 'Vodafone Idea shares rise as net loss narrows in Q4; should you buy, sell, or hold?', 'Glenmark\x92s myeloma drug delivers high response in phase-1 trial', 'Vodafone Idea pushes for tariff hikes, says engaging with lenders for debt funding', 'SMBC to seek RBI licence to operate full-owned subsidiary ahead of Yes Bank stake acquisition: Report', 'PC Jeweller: Promoter ups stake via 3.08 cr warrant conversion', ""Godrej Properties shares rise by 2.06% in today's session"", 'CDSL shares surge 9% on 2x jump in daily volumes; other capital market stocks rally too']",46.89999999999782,1,7,UP,1
2025-05-30,24812.6,24863.95,24717.4,24750.7,853890978.0,52247.87,2025-05-30,"[""Bajaj Auto's EV production at risk from July as China tightens rare earth magnet supply"", ""Bajaj Auto share price declines over 2% in today's session"", 'Bajaj Auto Standalone March 2025 Net Sales at Rs 12,147.97 crore, up 5.78% Y-o-Y', 'Bajaj Auto\x92s EV business nears breakeven as Chetak electric, E-3Ws gain traction', 'Stocks to Watch Today: Bajaj Auto, Ipca Labs, Mazagon Dock, Lemon Tree Hotels, Suzlon Energy, NBCC, Ola Electric, Sobha in focus on 30 May', 'Sun Pharma completes its acquisition of Checkpoint Therapeutics', 'Reliance Power shares jump 16%, hit 10-year high amid surge in trading volumes', 'Sensex falls 300 pts, Nifty below 24,750 on renewed tariff concerns; Auto, Metal, IT drag', ""Vedanta, Tata Steel, other metal stocks tumble up to 3% as US-China tariff talks 'a bit stalled'"", 'Hold Bosch; target of Rs 30,000: ICICI Securities', 'Adani Total Gas Standalone March 2025 Net Sales at Rs 1,335.85 crore, up 14.57% Y-o-Y', 'April may be the best month for stocks, February the bleakest: Here\x92s why', 'MOTHERSON Standalone March 2025 Net Sales at Rs 2,721.45 crore, up 15.01% Y-o-Y', ""Mazagon Dock Shipbuilders shares fall 5.71% during today's session"", 'Buy Samvardhana Motherson International; target of Rs 185: ICICI Securities', 'Reduce Deepak Nitrite; target of Rs 1799: Prabhudas Lilladher', 'Alkem Labs shares drop 4% after Q4 EBITDA margin contracts to 12.4%: Should you buy, sell or hold?', 'Mazagon Dock Standalone March 2025 Net Sales at Rs 3,174.41 crore, up 2.28% Y-o-Y', 'Vodafone Idea shares fall 3% ahead of Q4 results, likely fundraising announcement', 'Hold Deepak Nitrite; target of Rs 2000: ICICI Securities', 'Samvardhana Motherson shares gain 2% on Q4 show; should you buy, sell, or hold?', ""Vodafone Idea shares decline by 2.38% in today's session"", 'Hold Steel Authority of India; target of Rs 133: Prabhudas Lilladher', 'Mankind Pharma Shares Rise by 2%', 'Buy NMDC; target of Rs 84: LKP Research', 'Mazagon Dock Shipbuilders stock tumbles 7% as Q4 net profit sinks 51%', 'PC Jeweller allot shares on warrants conversion after turning profitable in Q4']",-61.89999999999782,0,7,UP,1
2025-05-29,24825.1,24892.6,24677.3,24833.6,345370611.0,29730.05,2025-05-29,"['Trade Spotlight: How should you trade Jindal Stainless, Cummins India, DLF, Trent, Oil India, Paytm and others on May 30?', 'Asian Paints\x92 shine fades as Birla Opus brushes it aside, should you buy the dip?', 'Accumulate Sun Pharmaceutical Industries; target of Rs 1811: Deven Choksey', 'Sun Pharmaceutical Industries shares rise following 2.03% price increase', 'Nifty IT rallies one percent, snapping a two-day fall on strong Nvidia Q1, ruling against Trump tariffs', 'Bajaj Auto Q4 results: Net profit rises 6% to Rs 2,049 crore, beats estimates', 'Bharat Electronics shares trade 1% lower amid high volume', 'In Sickness & In Health: Lilly, Apollo Hospitals join forces to tackle obesity, diabetes', 'IndusInd Bank shares gain even as SEBI cracks down on former executives for insider trading', 'Buy Grasim Industries; target of Rs 2950: Sharekhan', ""Sensex crashes 600 pts from day's high, Nifty below 24,750: Fed minutes, other key factors behind market decline"", 'Welspun Corp Standalone March 2025 Net Sales at Rs 2,281.06 crore, down 20.73% Y-o-Y', 'Stocks to Watch Today: SAIL, Avanti Feeds, Insecticides India, Balaji Amines, Cummins, Mishra Dhatu Nigam, IRCTC, Unified Data Tech in focus on 29 May', 'Brokerages remain bullish on NMDC despite 22% sequential fall in profit, see 20% upside', 'Buy Vinati Organics; target of Rs 2100: Sharekhan', 'Buy Cohance Lifesciences; target of Rs 1365: ICICI Securities', 'Accumulate NMDC; target of Rs 75: Prabhudas Lilladher', 'Relief for Vedanta as NCLAT stays NCLT\x92s order rejecting demerger', 'Smallcap index extends gains for 5th straight session despite muted market breadth: Here are the top gainers', 'Deepak Nitrite shares defy market sentiment, rally 5% despite fall in Q4 profit', 'Samvardhana Motherson Q4 results: Net profit jumps 20% to Rs 1,050 crore, firm announces 1:2 bonus issue', 'SAIL Standalone March 2025 Net Sales at Rs 29,316.08 crore, up 4.86% Y-o-Y', 'Zerodha set to invest up to Rs 125 crore in NBFC arm as loan book tops Rs 400 crore', 'Cheviot Company Standalone March 2025 Net Sales at Rs 133.79 crore, up 8.91% Y-o-Y', 'Monte Carlo Standalone March 2025 Net Sales at Rs 205.93 crore, down 0.29% Y-o-Y', 'Sanathan Textil Standalone March 2025 Net Sales at Rs 731.17 crore, down 3.27% Y-o-Y']",8.5,1,38,UP,1
2025-05-28,24832.5,24864.25,24737.05,24752.45,684425321.0,37143.55,2025-05-28,"['Defence stocks soar up to 10% amid muted market, index extends gains for sixth session; what lies ahead?', 'Stocks to Watch Today: ITC, HBL Engineering, Belrise, LIC, MedPlus Health, Bosch, Hindustan Copper, Bharat Dynamics, Gateway Distriparks in focus on 28 May', ""Adani Ports shares gain despite muted market as Motilal Oswal maintains 'buy'"", 'Trade Spotlight: How should you trade Bank of India, Adani Energy Solutions, CDSL, Canara Bank, RailTel Corporation, LIC and others on May 29?', 'Bosch Standalone March 2025 Net Sales at Rs 4,910.60 crore, up 16% Y-o-Y', 'SC upholds ICICI Securities delisting, clears way for merger with ICICI Bank', 'Q4 results impact: ITI shares zoom 10%, Bosch, 3M India fall up to 3% on drop in net profit', 'Early rains, easy rates fuel rally hopes for consumer and agri stocks', 'Accumulate Laxmi Organic Industries; target of Rs 206: Deven Choksey', 'Q4 results impact: Hind Copper shares hit 5-month high as net profit jumps 50%; Triveni Engg, Techno Electric soar up to 11%', 'Reduce Gujarat Fluorochemicals; target of Rs 3541: Prabhudas Lilladher', 'NMDC Standalone March 2025 Net Sales at Rs 6,953.13 crore, up 7.38% Y-o-Y', 'Solar module maker Emmvee eyes Rs 2,500\x963,000 crore via IPO, joins the fundraise bandwagon', 'NMDC Consolidated March 2025 Net Sales at Rs 7,004.59 crore, up 7.94% Y-o-Y', 'Gujarat Fluoro Standalone March 2025 Net Sales at Rs 1,158.00 crore, up 11% Y-o-Y', 'Buy Glenmark Pharma; target of Rs 1690: Motilal Oswal', 'Hind Copper Consolidated March 2025 Net Sales at Rs 731.40 crore, up 29.37% Y-o-Y', 'Gujarat Fluorochemicals stock sinks 5% following Q4 earnings, brokerages mixed', 'Buy Aurobindo Pharma; target of Rs 1440: Prabhudas Lilladher', 'Hind Copper Standalone March 2025 Net Sales at Rs 731.40 crore, up 29.37% Y-o-Y', 'PC Jeweller Consolidated March 2025 Net Sales at Rs 699.02 crore, up 1341.58% Y-o-Y', 'Sanathan Textil Consolidated March 2025 Net Sales at Rs 732.18 crore, down 3.17% Y-o-Y', 'Monte Carlo Consolidated March 2025 Net Sales at Rs 205.93 crore, down 0.29% Y-o-Y']",-80.04999999999927,0,36,UP,1
2025-05-27,24956.65,25062.9,24704.1,24826.2,525653668.0,33638.3,2025-05-27,"['Infosys, TCS, other IT heavyweights drop 1%, IT index snaps 2-day gaining streak amid weak market', 'Power stocks\x92 valuations split after Q4FY25, as utilities correct but renewables look steep', 'Sensex crashes 1,000 pts, Nifty below 24,750: Profit booking, other key factors behind market decline', ""Sensex recovers 450 pts from day's low, Nifty near 24,900: 7 key reasons behind market rebound"", 'Sanlam invests Rs 105 crore in Shriram AMC to become co-promoter, shares surge up to 10 percent', ""GQG Partners' Rajiv Jain deployed $2 billion in India between Jan-March, invested far more aggressively than last year"", 'Steel exports down 30% in Jan-April, sluggish demand weighs on JSW, Tata', ""Tata-Airbus to set up India's first privately-led helicopter assembly line in Karnataka: Report"", 'FMCG stocks tumble up to 2%, snap 2-day gaining streak on profit booking: ITC top loser', 'Accumulate JSW Steel; target of Rs 1068: Prabhudas Lilladher', 'Accumulate Adani Power target of Rs 680: Asit C Mehta', 'Hold IndusInd Bank; target of Rs 818: Deven Choksey', 'Trade Spotlight: How should you trade HDFC Bank, ITC, Godrej Properties, Rail Vikas Nigam, Pennar Industries, BHEL, Inox Wind and others on May 27?', 'Bulk deals: Promoters offload stake in Indigo, PG Electroplast', 'Stocks to Watch Today: Bayer Cropscience, PG Electroplast, Aurobindo Pharma, IndiGo, Sagility India, Borana Weaves, Lumax Industries in focus on 27 May', 'Azad Eng Standalone March 2025 Net Sales at Rs 124.52 crore, up 34.18% Y-o-Y', 'Aurobindo Pharm Standalone March 2025 Net Sales at Rs 2,731.99 crore, down 5.6% Y-o-Y', 'Trade Spotlight: How should you trade Marico, Cholamandalam Investment, City Union Bank, MOIL, Granules, Supreme Ind, Inox Wind and others on May 28?', ""Yes Bank's stake sale to SMFG could set the stage for more foreign interest in India's lenders, says Fitch Ratings"", 'Mazagon Dock, GRSE shares gain 4% on likely Rs 44,000-crore orders for 12 MCMVs for Navy', 'Glenmark Standalone March 2025 Net Sales at Rs 2,009.49 crore, down 6.46% Y-o-Y', 'Axita Cotton  Standalone March 2025 Net Sales at Rs 139.86 crore, down 36.72% Y-o-Y', 'Meera Industrie Standalone March 2025 Net Sales at Rs 7.81 crore, down 18.6% Y-o-Y', 'Buy Gokaldas Exports; target of Rs 1140: Sharekhan', 'With OC in bag, DLF expects two \x91Downtown\x92 commercial towers help achieve Rs 6,700 crore in rentals earnings', 'PC Jeweller Standalone March 2025 Net Sales at Rs 699.01 crore, up 1341.55% Y-o-Y']",-130.45000000000073,0,23,UP,1
2025-05-26,24919.35,25079.2,24900.5,25001.15,302799227.0,20060.68,2025-05-26,"['NTPC Standalone March 2025 Net Sales at Rs 43,903.65 crore, up 3.22% Y-o-Y', 'Sensex surges 500 pts, Nifty tops 25,000: EU tariff delay among key factors behind market rise', 'Stocks to Watch Today: NTPC, JSW Steel, JK Cement, Ashoka Buildcon, GNFC, Paytm, Eternal, Zydus Life, Nibe, Havells India in focus on 26 May', ""M&M, Bajaj Auto, other shares surge up to 2% as Auto index emerges as the top gainer: What's driving the rally?"", 'NTPC shares gain on reporting in-line Q4 show; should you buy, sell, or hold?', ""Defence stocks extend gains for a third session on orderbook hopes after PM Modi applauds 'Make in India' push"", 'JSW Steel Standalone March 2025 Net Sales at Rs 32,471.00 crore, down 8.12% Y-o-Y', 'JSW Steel reports 16% jump in net profit in Q4; should you buy, sell, or hold shares?', 'Eternal eating McDonald\x92s and Domino\x92s lunch, literally: Should you invest in QSR stocks?', 'Accumulate Navin Fluorine International; target of Rs 4895: Deven Choksey', 'Smallcap, midcap stocks rise up to 15%, broader market indices extend gains for second day; check top gainers', 'Anupam Rasayan Standalone March 2025 Net Sales at Rs 330.67 crore, up 7.2% Y-o-Y', 'Hyped IPOs, hurting portfolio: Why Hyundai, Swiggy, Ola and NTPC Green are bleeding investors and what you should do', 'Buy Zydus Lifesciences; target of Rs 1069: Deven Choksey', 'DLF may launch its first Mumbai housing project in next two weeks', 'Lux Industries Standalone March 2025 Net Sales at Rs 819.14 crore, up 15.66% Y-o-Y', 'Paytm shares rise 2% after Supreme Court stays Rs 5,700 crore GST notice against subsidiary First Games', 'Buy Gokaldas Exports; target of Rs 1140: Sharekhan']",81.80000000000291,1,42,UP,1
2025-05-23,24639.5,24909.05,24614.05,24853.15,270470348.0,20200.73,2025-05-23,"['Stocks to Watch Today: ITC, Sun Pharma, IndusInd Bank, Honasa Consumer, MTAR Tech, Metro Brands, Power Mech, Bharat Electronics in focus on 23 May', 'Accumulate Oil and Natural Gas Corporation; target of Rs 276: Prabhudas Lilladher', 'Sun Pharma shares sell off on lower US revenue and modest FY26 growth outlook: Should you Buy, Hold, or Sell?', 'Buy Sun Pharmaceutical Industries; target of Rs 2000: Prabhudas Lilladher', 'Buy Sun Pharma; target of Rs 2000: Motilal Oswal', 'Trent, BEL shares rally on inclusion in 30-pack Sensex; Nestle, IndusInd Bank deleted', 'Grasim Consolidated March 2025 Net Sales at Rs 44,267.26 crore, up 17.34% Y-o-Y', 'Hold IndusInd Bank; target of Rs 780: Prabhudas Lilladher', 'Reduce IndusInd Bank; target of Rs 737: LKP Research', ""Despite paints slowdown, Grasim 'positive' about Birla Opus break-even timelines, market share"", 'Grasim Standalone March 2025 Net Sales at Rs 8,925.75 crore, up 31.89% Y-o-Y', ""Have full control over Bhushan Power and Steel, 'strong grounds' for legal remedies: JSW Steel"", 'Buy Power Grid Corporation of India; target of Rs 350: Sharekhan', 'Apex court\x92s ruling in JSW-Bhushan Power case casts no aspersions on IBC, say officials', 'Deepak Fert Standalone March 2025 Net Sales at Rs 448.63 crore, up 1.33% Y-o-Y', ""Paras Defence shares rise 1% after firm forms JV with Israel's Heven Drones to make cargo drones in India"", 'Glenmark Q4 net profit rises 11% on strong Europe sales']",213.65000000000146,1,20,UP,1
2025-05-22,24733.95,24737.5,24462.4,24609.7,403279638.0,30579.52,2025-05-22,"['NTPC Q4 preview: Earnings likely to rise on higher power generation, capacity additions', ""ONGC shares drop 2% after firm's net profit tumbles 20% to Rs 8,856 crore: Should you buy, sell or hold?"", 'Sun Pharma Q4 net profit declines 19% to Rs 2,154 crore, firm declares Rs 5.50 dividend', 'Adani Group posted 8% EBITDA growth across listed entities, riding on strong cash balances', 'ONGC Consolidated March 2025 Net Sales at Rs 170,811.73 crore, up 2.42% Y-o-Y', 'ONGC Standalone March 2025 Net Sales at Rs 34,982.23 crore, up 1% Y-o-Y', 'Defence stocks on fire, led by GRSE and other shipyards, defying valuation worries', ""Bajaj Auto aims to be majority owner of Austria's KTM, arm to provide \x80600 million to fund revival"", ""Tech Mahindra, Infosys, other IT stocks tumble on concerns over US' fiscal deficit"", 'Sun Pharma sees mid-to-high single-digit growth in FY26, bets big on specialty expansion', 'Neutral IndusInd Bank; target of Rs 650: Motilal Oswal', 'IndusInd Bank\x92s promoter committed to support with equity if required for business growth: Ashok Hinduja', 'Sensex slips over 1,000 pts, Nifty below 24,500: Rising US bond yields among key factors behind market sell-off', 'Stocks to Watch Today: IndiGo, IndusInd Bank, Colgate, NALCO, Hindustan Zinc, NBCC, Aarti Industries, Birlasoft, MGL, Oil India in focus on 22 May', 'Crisis of confidence at IndusInd Bank, say analysts, lender assures clean-up is underway', 'Power Grid shares fall 3% on seeing lower dividend payout for FY26 but expects faster project execution', 'Hindalco bets on demand for aluminium cans if US consumption trend changes amid recession fears', 'Buy Power Grid Corporation of India; target of Rs 361: ICICI Securities', 'IndusInd Bank shares take U-turn, trade higher despite sharp Q4 loss; should you buy, sell, or hold?', ""Sebi's Tuhin Kanta says looking into IndusInd Bank case if there are any 'egregious violations'"", 'Sell IndusInd Bank; target of Rs 650: ICICI Securities', 'Buy Max Healthcare Institute; target of Rs 1300: Prabhudas Lilladher', 'NALCO Consolidated March 2025 Net Sales at Rs 5,267.83 crore, up 47.19% Y-o-Y', 'Mankind Pharma Consolidated March 2025 Net Sales at Rs 3,079.37 crore, up 26.15% Y-o-Y', 'Trade Spotlight: How should you trade Grindwell Norton, Morepen Labs, Astral, Aditya Birla Capital, Pfizer, Clean Science and others on May 23?', 'Rail Vikas Consolidated March 2025 Net Sales at Rs 6,426.88 crore, down 4.28% Y-o-Y', 'GRSE shares up over 10 percent after emerging as L1 bidder for Rs 25,000 crore Naval warship contract', 'Sell NHPC; target of Rs 72: ICICI Securities', 'Buy Solar Industries; target of Rs 16,500: ICICI Securities', 'Clean Science Consolidated March 2025 Net Sales at Rs 263.68 crore, up 15.89% Y-o-Y', 'Buy Mankind Pharma; target of Rs 2910: Motilal Oswal', 'Clean Science Standalone March 2025 Net Sales at Rs 245.39 crore, up 8.83% Y-o-Y', 'Mankind Pharma Standalone March 2025 Net Sales at Rs 2,126.59 crore, down 1.21% Y-o-Y', 'NTPC Green Ener Consolidated March 2025 Net Sales at Rs 622.27 crore, up 12146.03% Y-o-Y', 'Rail Vikas Standalone March 2025 Net Sales at Rs 6,345.11 crore, down 5.31% Y-o-Y', 'Gokaldas Export Consolidated March 2025 Net Sales at Rs 1,015.34 crore, up 24.98% Y-o-Y', 'Rupa and Comp Standalone March 2025 Net Sales at Rs 412.66 crore, up 4.76% Y-o-Y', 'Rupa and Comp Consolidated March 2025 Net Sales at Rs 415.48 crore, up 3.75% Y-o-Y', 'Gokaldas Export Standalone March 2025 Net Sales at Rs 655.18 crore, up 12.42% Y-o-Y']",-124.25,0,41,UP,1
2025-05-21,24744.25,24946.2,24685.35,24813.45,332724952.0,23179.85,2025-05-21,"['Defence stocks surge up to 5%, index snaps two-day losing streak; BEL, Solar Industries among top gainers', 'Stocks to Watch Today: NHPC, United Spirits, Aster DM Healthcare, GSFC, Gland Pharma, KPR Mills, Dixon Tech, IRCON, Nazara Tech in focus on 21 May', 'Drone stocks soar up to 50 percent after Operation Sindoor on hopes of order wins in new age warfare', 'ONGC posts 20% decline in Q4 net profit at Rs 8,856 crore, declares dividend of Rs 1.25/share', 'Hindalco Standalone March 2025 Net Sales at Rs 25,116.00 crore, up 13.44% Y-o-Y', 'Hindalco Industries reports strong Q4 earnings show; should you buy, sell, or hold?', 'Buy Hindalco Industries; target of Rs 770: ICICI Securities', 'Centre unlikely to intervene in JSW-Bhushan Power matter as IBC \x91not questioned\x92 by apex court', 'Accumulate Hindalco Industries; target of Rs 724: Prabhudas Lilladher', 'Sensex soars 800 pts, Nifty above 24,900: Buying in pharma stocks among key factors behind market recovery', 'Buy Bharat Heavy Electricals; target of Rs 324: ICICI Securities', 'Hold Eicher Motors; target of Rs 5600: ICICI Securities', 'IndusInd Bank reports a worse-than-feared net loss of Rs 2328.92 crore for Q4FY25, NPAs rise', 'Hindalco Consolidated March 2025 Net Sales at Rs 64,890.00 crore, up 15.89% Y-o-Y', 'IndusInd Bank shares trade 1.5% lower ahead of Q4 results', 'Solar Ind Standalone March 2025 Net Sales at Rs 1,299.28 crore, up 29.71% Y-o-Y', 'Accumulate Zydus Lifesciences; target of Rs 970: Prabhudas Lilladher', 'Natco Pharma, Cipla, other pharma shares rise up to 4% as US to set targets to lower drugs prices, generics could be exempted', 'NTPC Green Ener Standalone March 2025 Net Sales at Rs 548.64 crore, up 9.68% Y-o-Y', 'Hold Zydus Lifesciences; target of Rs 910: ICICI Securities', 'Buy Marico; target of Rs 825: Sharekhan', 'Max Healthcare Standalone March 2025 Net Sales at Rs 658.70 crore, up 7.96% Y-o-Y', 'Buy Piramal Pharma; target of Rs 250: Motilal Oswal', 'Solar Ind Consolidated March 2025 Net Sales at Rs 2,166.55 crore, up 34.51% Y-o-Y', 'Sell Whirlpool of India; target of Rs 980: ICICI Securities', 'Neutral Lupin; target of Rs 2,200: Motilal Oswal', 'Laxmi Organic Standalone March 2025 Net Sales at Rs 714.27 crore, down 11.95% Y-o-Y', 'Hold Lupin: target of Rs 2,110: ICICI Securities', 'Max Healthcare Consolidated March 2025 Net Sales at Rs 1,909.74 crore, up 34.21% Y-o-Y', 'Buy Piramal Pharma; target of Rs 280: ICICI Securities', 'GSFC Standalone March 2025 Net Sales at Rs 1,906.71 crore, down 1.7% Y-o-Y', 'NHPC Consolidated March 2025 Net Sales at Rs 2,346.97 crore, up 24.3% Y-o-Y', 'Buy Sagility India; target of Rs 60: ICICI Securities', ""Mankind Pharma's Q4 net profit drops 10% to Rs 477 crore on one-off costs"", 'Gland Standalone March 2025 Net Sales at Rs 1,030.35 crore, down 12.3% Y-o-Y', 'NHPC Standalone March 2025 Net Sales at Rs 2,058.54 crore, up 24.64% Y-o-Y', 'Zydus Life Standalone March 2025 Net Sales at Rs 5,819.60 crore, up 74.64% Y-o-Y', 'Buy Abbott India; target of Rs 35,750: ICICI Securities', 'Motilal Oswal expects recovery for capital market stocks led by retail participation in F&O', 'Realty index climbs 1.7% on broad-based buying; Raymond, DLF, others gain up to 4%', 'Listed developers log record pre-sales in FY25 despite dip in market sentiment', 'Pearl Global In Consolidated March 2025 Net Sales at Rs 1,229.04 crore, up 40.08% Y-o-Y', 'Vishal Fabrics Standalone March 2025 Net Sales at Rs 391.46 crore, down 4.87% Y-o-Y', 'RBL Bank evaluating opportunities in wealth management, says CEO', 'Pearl Global In Standalone March 2025 Net Sales at Rs 397.49 crore, up 24.19% Y-o-Y', 'KPR Mill shares fall 6% after 3.2 percent equity changes hands in block trades, promoters likely sellers', 'Buy DLF; target of Rs 954: ICICI Securities']",69.20000000000073,1,70,UP,1
2025-05-20,24996.2,25010.35,24669.7,24683.9,414799113.0,31063.03,2025-05-20,"['Buy Hindustan Aeronautics; target of Rs 5650: Motilal Oswal', 'Richly-valued defence stocks extend selloff led by shipyard firms, Paras Defence promoters trim stake', 'State Bank of India to raise up to $3 billion this year via public offer or debt issuance', 'Buy SBI Life Insurance Company; target of Rs 2048: Geojit Financial Services', 'Metal index rises over 1% on China demand hopes; Tata Steel, Hindalco, others gain up to 3%', 'Defence stocks on alert: Will BEL, BDL, and Drone Tech fire after Rs 40,000 Cr boost?', 'Selloff in auto stocks intensifies after a four-day rally; Hero Moto, Bajaj, Maruti top losers', 'Sensex crashes 900 pts, Nifty below 24,700: Weak global cues among 8 key factors behind market decline', 'Stocks to Watch Today: Power Grid, Bharat Electronics, DLF, Rail Vikas Nigam, HFCL, Shyam Metalics, ACME Solar, Borosil, Petronet LNG in focus on 20 May', 'Power Grid Corp Standalone March 2025 Net Sales at Rs 10,982.55 crore, down 0.62% Y-o-Y', 'Hold BHEL; target of Rs 237: Prabhudas Lilladher', ""Power Grid shares sink on Q4 show, Morgan Stanley maintains 'equal-weight'"", 'Hindalco Q4 standalone net profit rises 10% to Rs 1,561 crore; firm declares Rs 5 dividend', 'Power Grid Corp Consolidated March 2025 Net Sales at Rs 12,275.35 crore, up 2.48% Y-o-Y', 'Buy Vinati Organics; target of Rs 2195: Motilal Oswal', 'Zydus targets FY26 expansion, but warns of slower US momentum post-Revlimid peak', 'Gland Pharma Q4 net profit slips 3% as US sales moderate; focus shifts to complex injectables, CDMO growth', 'Jupiter Wagons Standalone March 2025 Net Sales at Rs 1,002.04 crore, down 9.96% Y-o-Y', 'Zydus Lifesciences Q4 net profit rises 18% on strong US, India sales', 'Smallcap, midcap stocks hit brakes after record rally; broader market indices snap 6-day gaining streak', 'Trade Spotlight: How should you trade CCL Products, Chennai Petroleum, SRM Contractors, ICICI Prudential Life, City Union Bank and others on May 21?', 'Buy Vishnu Chemicals; target of Rs 600: Emkay Global Financial', 'Jupiter Wagons Consolidated March 2025 Net Sales at Rs 1,044.55 crore, down 6.35% Y-o-Y', 'Max Healthcare Q4FY25 net profit rises 21% on higher patient volumes; expansion plans in focus', 'Buy Tube Investments of India; target of Rs 3658: Motilal Oswal', 'KPR Mill promoters to sell up to 3.2% stake via block deals to raise Rs 1,196 crore: CNBC-TV18', 'DLF Standalone March 2025 Net Sales at Rs 2,235.87 crore, up 145.86% Y-o-Y', ""Nomura stays 'neutral' on DLF citing muted FY26 outlook"", 'Golkunda Diamon Standalone March 2025 Net Sales at Rs 61.81 crore, down 23.39% Y-o-Y', 'DLF Consolidated March 2025 Net Sales at Rs 3,127.58 crore, up 46.5% Y-o-Y']",-312.2999999999993,0,40,UP,1
2025-05-19,25005.35,25062.95,24916.65,24945.45,255254340.0,21598.6,2025-05-19,"['Stocks to Watch Today: Divis Labs, Premier Energies, Delhivery, Dr Reddys, Bharat Electronics, KEC International, Sun Pharma, PNC Infratech in focus on 19 May', 'Buy Titan Company; target of Rs 4155: Sharekhan', 'Auto index rise nearly 1% even as benchmarks slump; Bajaj Auto, Hero MotorCorp, Eicher Motors rise up to 4%', 'Hindustan Aeronautics stock in focus as brokerages weigh in; should you buy, sell, or hold?', 'Sebi may delay Hinduja\x92s Invesco acquisition amid IndusInd Bank fiasco', 'IndusInd Bank inks pact with AIC STPINEXT to support early-stage startups, MSMEs', ""SC dismisses Vodafone Idea's plea for waiver of AGR dues; telco's shares tumble 9%"", 'Accumulate Vinati Organics; target of Rs 1882: Prabhudas Lilladher', 'Shareholders reject board seat to Warburg-backed investor in IDFC FIRST Bank', 'Smallcap gauge bucks the Monday selloff, adding Rs 1.9 lakh crore wealth in six sessions', 'Top gainers and losers today: Stocks that moved the most on May 19', 'JB Pharma eyeing 12% growth, open to acquisitions, says CEO Nikhil Chopra', 'Data Patterns Standalone March 2025 Net Sales at Rs 396.21 crore, up 117.35% Y-o-Y', 'Piramal Pharma Standalone March 2025 Net Sales at Rs 1,689.80 crore, up 10.78% Y-o-Y', 'Nifty India Defence index snaps 6-day winning streak as investors book profits', 'Q4 results impact: Delhivery shares surge 12% on stellar earnings; Data Patterns shares rise 2%, CreditAccess in red', ""Real estate stocks make investors richer by Rs 57,000 crore in four sessions: Here are today's top gainers""]",-59.89999999999782,0,21,UP,1
2025-05-16,25064.65,25070.0,24953.05,25019.8,432717092.0,43815.86,2025-05-16,"['From Ather Energy to Vodafone: Here is what MFs bought, sold and added in April', 'Buy Titan Company; target of Rs 4155: Sharekhan', 'Buy Tata Steel; target of Rs 190: ICICI Securities', 'Mutual funds cut exposure to Adani Group, shares worth over Rs 1,160 crore sold in April', 'Stocks to Watch Today: PB Fintech, Allied Blenders, LIC Housing, Bharti Airtel, Abbott India, Rail Vikas Nigam, Infosys, JSW Energy in focus on 16 May', 'Trade Spotlight: How should you trade Ashok Leyland, HDFC AMC, Grasim, UltraTech Cement, ONGC, Macrotech Developers and others on May 16?', 'HAL says first LCA Mk1A to roll out in a couple of months, 12 to be delivered this year', 'Nifty, Sensex gain 4% in broad-based weekly rally, Nifty Defence Index soars 11%', 'Buy Trent; target of Rs 6609: Sharekhan', 'Adani Green Energy Limited Shares Experience Volume Surge, Climb 2.75%', 'BHEL Consolidated March 2025 Net Sales at Rs 8,993.37 crore, up 8.88% Y-o-Y', 'IndusInd Bank turnaround may take 3-4 years, growth will take a backseat, says Abizer Diwanji', 'Buy Hindalco Industries; target of Rs 770: ICICI Securities', 'BHEL Q4 results: Net profit rises 4% to Rs 504 crore, firm declares dividend', 'Power Grid Corp may see a modest Q4 profit growth but summer demand is strong, capex seen on track', 'BHEL Standalone March 2025 Net Sales at Rs 8,993.37 crore, up 8.88% Y-o-Y', 'Buy Hero MotoCorp; target of Rs 4,761: Motilal Oswal', 'Sensex drops nearly 400 pts, Nifty below 25,000: Muted global cues among key factors behind market decline', 'Buy Mahindra and Mahindra; target of Rs 3600: Anand Rathi', 'Titagarh, RVNL, other railway shares rally on value buying, easing border tensions', 'Abbott India Standalone March 2025 Net Sales at Rs 1,604.59 crore, up 11.54% Y-o-Y', 'Rail Vikas Nigam shares gain 11% on order win worth Rs 115.79 crore', 'Piramal Pharma\x92s Nandini Piramal eyes FY30 milestone amid muted FY26 outlook', 'Texmaco Rail Standalone March 2025 Net Sales at Rs 1,140.16 crore, down 0.38% Y-o-Y', ""Vodafone Idea cautions Centre, can't operate beyond FY26 without support: Sources to CNBC-TV18"", 'Vishnu Chemical Consolidated March 2025 Net Sales at Rs 392.63 crore, up 30.72% Y-o-Y', 'Texmaco Rail Consolidated March 2025 Net Sales at Rs 1,346.36 crore, up 17.63% Y-o-Y', 'Vishnu Chemical Standalone March 2025 Net Sales at Rs 295.27 crore, up 21.45% Y-o-Y', 'Defence shares rise for 6th session; BEL, Cochin Shipyard, Mazagon, others surge up to 15%', 'Vinati Organics Consolidated March 2025 Net Sales at Rs 648.46 crore, up 17.83% Y-o-Y', 'Yes Bank looking forward to a double rating upgrade after SMBC deal: CEO Prashant Kumar', 'Buy JB Chemicals and Pharmaceuticals; target of Rs 2030: Prabhudas Lilladher', 'IREDA files second bankruptcy case against Gensol Engineering over alleged fraud', 'Mid, smallcap indices extend rally for 5th day, outperform benchmarks; Cochin Shipyard, Titagarh rise up to 15%', 'PB Fintech Consolidated March 2025 Net Sales at Rs 1,507.87 crore, up 38.39% Y-o-Y', 'PB Fintech Standalone March 2025 Net Sales at Rs 46.85 crore, up 36.55% Y-o-Y', 'PB Fintech shares rise 3% on a near three-fold rise in net profit: Should you buy, sell or hold?', 'Angel One, CDSL, other capital market stocks gain up to 9% as Nifty sustains above 25,000-mark']",-44.85000000000218,0,63,UP,1
2025-05-15,24694.45,25116.25,24494.45,25062.1,500821889.0,44147.39,2025-05-15,"['Bank Nifty over a percent higher, snaps two-day losing streak on rate cut hopes and tariff updates', 'Buy Tata Steel; target of Rs 176 Prabhudas Lilladher', 'Buy Cipla; target of Rs 1730 Prabhudas Lilladher', 'Hindustan Aeron Standalone March 2025 Net Sales at Rs 13,699.87 crore, down 7.24% Y-o-Y', ""SBI's executive committee to meet on May 20 to consider raising $3 billion in fresh capital"", 'Stocks to Watch Today: Eicher Motors, Apollo Tyres, Lupin, Wendt India, HUL, Brigade, Genesys, Wipro, Shilpa Medicare, Yes Bank, Vascon Engineers in focus on 15 May', 'India Inc courts distant shores as foreign currency borrowing swells to over six-year high in March', 'Auto stocks soar on hope of progress in US trade deal with Here Moto, Tata Motors topping the chart', 'Sebi investigating IndusInd Bank officials for alleged insider trading in client companies', 'Eicher Motors posts Q4 beat amid strong volumes; should you buy, sell, or hold?', 'Hero MotoCorp shares rise as strong Q4, rural demand and EV plans boost sentiment', 'Sensex soars 1,200 pts, Nifty reclaims 25k: India-US trade deal hopes, other reasons behind market rally', 'Sensex slides over 500 pts, Nifty below 24,550: Muted global cues among key factors behind market decline', 'Buy ABB India; target of Rs 6,400: ICICI Securities', 'Eicher Motors Standalone March 2025 Net Sales at Rs 5,106.60 crore, up 21.82% Y-o-Y', 'Q4 result impact: Cochin Shipyard, South Indian Bank shares rally up to 7%; ITC Hotels in red', 'Vinati Organics Standalone March 2025 Net Sales at Rs 648.45 crore, up 17.83% Y-o-Y', 'Sagility India Consolidated March 2025 Net Sales at Rs 1,568.48 crore, up 22.23% Y-o-Y', 'Lupin Standalone March 2025 Net Sales at Rs 4,485.67 crore, up 32.09% Y-o-Y', 'Cochin Shipyard Standalone March 2025 Net Sales at Rs 1,651.13 crore, up 34.73% Y-o-Y', 'Cochin Shipyard Consolidated March 2025 Net Sales at Rs 1,757.65 crore, up 36.67% Y-o-Y', 'Tube Investment Standalone March 2025 Net Sales at Rs 1,957.25 crore, down 0.26% Y-o-Y', 'Sagility India Standalone March 2025 Net Sales at Rs 455.35 crore, up 15.68% Y-o-Y', 'Sebi probing Yes Bank disclosures regarding SMBC deal', 'Tube Investment Consolidated March 2025 Net Sales at Rs 5,149.96 crore, up 14.7% Y-o-Y', 'Cochin Shipyard shares rise 5%; ITC Hotels, PB Fintech drop up to 1.3% ahead of Q4 results today', 'AARTIPHARM Standalone March 2025 Net Sales at Rs 529.62 crore, up 27.68% Y-o-Y', ""Vodafone Idea near day's high on filing fresh SC plea seeking Rs 30,000 crore as AGR relief"", ""Defence play Astra Micro's shares soar nearly 10 percent on fund raising plans"", 'Virat Ind Standalone March 2025 Net Sales at Rs 7.73 crore, up 35.03% Y-o-Y', 'PB Fintech Q4 profit jumps 184% to Rs 171 crore; FY25 net soars to Rs 353 crore', 'Arvind Standalone March 2025 Net Sales at Rs 1,994.93 crore, up 5.02% Y-o-Y', 'Arvind Consolidated March 2025 Net Sales at Rs 2,220.69 crore, up 7.05% Y-o-Y']",367.6499999999978,1,49,UP,1
2025-05-14,24613.8,24767.55,24535.55,24666.9,345490805.0,25585.37,2025-05-14,"['Sensex soars 500 pts, Nifty above 24,700: Easing inflation among key factors behind market rebound', 'Cipla shares weak despite Q4FY25 profit growth on caution over margin outlook: Should you buy, sell or hold?', 'HAL Q4 results: Net profit falls 8% to Rs 3,977 crore on aircraft supply delays', 'Tata Steel shares rally 4% as brokerages cheer Q4 show; should you buy, sell, or hold?', 'Indian drugmakers see potential tail wind in Trump\x92s MFN drug pricing plan', 'Sensex gives up 81,000, Nifty below 24,600: Three key reasons behind market reversal', 'Top gainers and losers today: Stocks that moved the most on May 14', 'Hindustan Aeron Consolidated March 2025 Net Sales at Rs 13,699.85 crore, down 7.24% Y-o-Y', ""Bank Nifty plunges 550 pts from day's high; AU SFB, Kotak Mahindra Bank among top losers: What lies ahead?"", 'Buy ABB India; target of Rs 6851 Prabhudas Lilladher', 'Eicher Motors Consolidated March 2025 Net Sales at Rs 5,241.11 crore, up 23.15% Y-o-Y', 'Solar stocks shine as analysts see real export potential alongside strong domestic growth', 'Eicher Motors Q4 results: Net profit jumps 27% to Rs 1,362 crore, beats estimates', 'Buy Bank of Baroda; target of Rs 260: Sharekhan', 'Buy HDFC Bank; target of Rs 2192: Geojit Financial Services', 'Buy Pidilite Industries; target of Rs 3428: Prabhudas Lilladher', 'Stocks to Watch Today: Bharti Airtel, Tata Motors, Dalmia Bharat Sugar, Metropolis, ITD Cementation, ASK Automotive, Bharti Hexacom in focus on 14 May', 'Piramal Pharma Consolidated March 2025 Net Sales at Rs 2,754.07 crore, up 7.9% Y-o-Y', 'JB Pharma Q4FY25 net profit Rises 15% on domestic, CDMO strength', 'Trade Spotlight: How should you trade Deepak Fertilisers, Hindustan Copper, NBCC, Jindal Steel, IRCON International, and others on May 15?', 'SAIL, Tata Steel, other metal stocks rally on easing retail inflation in India, US', 'IREDA moves to file bankruptcy against Gensol Engineering over alleged fraud', 'Shipbuilders GRSE, Cochin Shipyard soar up to 16 percent, powering Nifty Defence index on continued momentum', 'JB Chemicals Consolidated March 2025 Net Sales at Rs 949.48 crore, up 10.18% Y-o-Y', 'Sai Life Sci Consolidated March 2025 Net Sales at Rs 579.51 crore, up 31.94% Y-o-Y', 'SRF, Navin Fluorine shares in red after Chemplast Sanmar announces foray into R32 refrigerant gas segment', 'Vodafone Idea to launch 5G services in Delhi-NCR on May 15; to expand to all 17 circles by August 2025', 'Small, midcap indices outperform benchmarks to extend gains for a third session: These are the top gainers', 'JB Chemicals Standalone March 2025 Net Sales at Rs 901.34 crore, up 11.39% Y-o-Y', 'Buy Jindal Stainless; target of Rs 678: Prabhudas Lilladher', 'Piramal Pharma Standalone March 2025 Net Sales at Rs 1,689.80 crore, up 10.78% Y-o-Y', 'Sai Life Sci Standalone March 2025 Net Sales at Rs 567.01 crore, up 32.62% Y-o-Y', 'MSCI Rejig: Coromandel, Nykaa join Global Standard index following May rebalancing', 'Raymond, DLF, other real estate shares rise up to 5% on rate cut hopes as inflation eases to July 2019 level', 'Dollar Ind Consolidated March 2025 Net Sales at Rs 549.13 crore, up 9.83% Y-o-Y', 'Dollar Ind Standalone March 2025 Net Sales at Rs 536.57 crore, up 9.87% Y-o-Y']",53.10000000000218,1,47,UP,1
2025-05-13,24864.05,24973.8,24547.5,24578.35,422977876.0,34576.66,2025-05-13,"['Tech Mahindra initiates key leadership changes to drive growth', 'Stocks to Watch Today: Tata Steel, Hindalco, Paytm, Kfin Technologies, Premier Explosives, Aether Industries, Sundaram Clayton in focus on 13 May', 'Cipla Q4 FY25 Preview: Strong US traction and domestic rebound may lift earnings', 'Tata Motors DVR Consolidated March 2025 Net Sales at Rs 119,503.00 crore, down 0.4% Y-o-Y', 'Cipla Consolidated March 2025 Net Sales at Rs 6,729.69 crore, up 9.19% Y-o-Y', 'Tata Steel Consolidated March 2025 Net Sales at Rs 56,218.11 crore, down 4.21% Y-o-Y', ""Indian generics likely insulated from Trump's drug pricing order, but Sun Pharma faces pressure"", 'Cipla Q4 results: Net profit jumps 30% to Rs 1,222 crore', 'Cipla Standalone March 2025 Net Sales at Rs 4,797.89 crore, up 18.86% Y-o-Y', ""BDL, BEL, HAL, other defence stocks soar up to 11% after PM Modi calls for 'Made in India' defence equipment"", 'Cipla eyes growth in FY26 driven by new launches, GLP-1 wave despite Revlimid headwinds', 'Tata Steel Standalone March 2025 Net Sales at Rs 34,398.84 crore, down 6.1% Y-o-Y', 'Tata Motors DVR Standalone March 2025 Net Sales at Rs 19,999.00 crore, down 1.29% Y-o-Y', 'Hero Motocorp Consolidated March 2025 Net Sales at Rs 9,969.81 crore, up 3.67% Y-o-Y', 'Reduce Dr Reddys Laboratories; target of Rs 1225: Prabhudas Lilladher', 'Hero MotoCorp Q4 results: Net profit rises 6% to Rs 1,081 crore; firm declares Rs 65 dividend', 'Small, midcap indices hold firm as Nifty, Sensex cool off in search of next triggers', 'Hero Motocorp Standalone March 2025 Net Sales at Rs 9,938.65 crore, up 4.41% Y-o-Y', 'Gensol Engineering shares jump 5%, hit upper circuit after MD Anmol Jaggi, director Puneet Jaggi resign', 'Garden Reach Sh Standalone March 2025 Net Sales at Rs 1,642.04 crore, up 61.66% Y-o-Y', 'Accumulate Navin Fluorine International; target of Rs 5161: Prabhudas Lilladher', 'PG Electroplast Standalone March 2025 Net Sales at Rs 350.33 crore, down 7.7% Y-o-Y', 'CHEMPLAST SANMA Standalone March 2025 Net Sales at Rs 725.62 crore, up 40.62% Y-o-Y', 'Pharma stocks rise up to 4% after better-than-expected Trump order on lower drug prices', 'CHEMPLAST SANMA Consolidated March 2025 Net Sales at Rs 1,150.88 crore, up 9.53% Y-o-Y', 'Listed defence shipyards\x92 order-book to grow by nearly 3x in next two years: Antique Broking', 'Siyaram Silk Standalone March 2025 Net Sales at Rs 736.08 crore, up 13.88% Y-o-Y', 'Max Financial Consolidated March 2025 Net Sales at Rs 12,375.76 crore, down 16.87% Y-o-Y', 'Raymond Life Standalone March 2025 Net Sales at Rs 1,142.98 crore, down 14.49% Y-o-Y', 'MSCI rebalancing could see Paytm, Nykaa find their way into the Standard index: Nuvama', 'Chart Check: Nifty may attempt to test new highs, rotate money into laggards, says Rahul Ghose of Hedged', 'Siyaram Silk Consolidated March 2025 Net Sales at Rs 736.19 crore, up 13.65% Y-o-Y', 'Max Financial Standalone March 2025 Net Sales at Rs 3.74 crore, down 17.07% Y-o-Y', 'Paytm shares tumble after 4% stake changes hands, Alibaba arm Antfin likely seller']",-285.7000000000007,0,56,UP,1
2025-05-12,24420.1,24944.8,24378.85,24924.7,368707684.0,30362.27,2025-05-12,"['Reliance Power Consolidated March 2025 Net Sales at Rs 1,978.01 crore, down 0.93% Y-o-Y', 'FMCG, fertiliser, two-wheeler stocks surge up to 7% as IMD expects monsoon 2025 to arrive before time', 'Sensex zooms 2,975 pts, Nifty above 24,900: India-Pak ceasefire among key factors behind massive market rally', ""Defence shares surge on India's resolute response to border escalation, DMGO's assurance of preparedness"", 'Q4 results: Tata Steel profit jumps on cost declines, higher volumes, but pricing hurts topline', 'Trade Spotlight: How should you trade Infosys, BHEL, Info Edge, Birlasoft, Cyient, APL Apollo Tubes, Tata Technologies, and others on May 13?', ""BoB World app's new version coming this fiscal, says MD and CEO, as the lender steps up on digital banking"", 'Trade Spotlight: How should you trade Tata Motors, Astra Microwave Products, UPL, Solar Industries, Max Financial Services, and others on May 12?', 'Bank of Baroda plans to scale up all subsidiaries before listing, says MD and CEO', 'Dr Reddys Labs Consolidated March 2025 Net Sales at Rs 8,528.40 crore, up 19.89% Y-o-Y', 'ABB India Standalone March 2025 Net Sales at Rs 3,159.56 crore, up 2.57% Y-o-Y', ""Dr Reddy's shares rise marginally as Q4 net profit jumps 22%; brokerages give mixed views"", 'Adani Power to supply 1500 MW thermal power to Uttar Pradesh; shares up 6%', 'Dr Reddys Labs Standalone March 2025 Net Sales at Rs 5,562.90 crore, up 8.97% Y-o-Y', 'Mid, smallcap indices surge over 4% on India-Pak ceasefire, Sino-US deal on trade', 'AARTIPHARM Consolidated March 2025 Net Sales at Rs 563.78 crore, up 11.47% Y-o-Y', 'Markets turn to US-India trade deal for next set of cues as India-Pakistan tensions cool', 'Navin Fluorine Consolidated March 2025 Net Sales at Rs 700.94 crore, up 16.44% Y-o-Y', 'PG Electroplast Consolidated March 2025 Net Sales at Rs 1,909.86 crore, up 77.4% Y-o-Y', ""Yes Bank shares gain 2% as Japan's SMBC to acquire 20% stake"", 'Ideaforge Tech Standalone March 2025 Net Sales at Rs 23.77 crore, down 77.28% Y-o-Y', 'Navin Fluorine Standalone March 2025 Net Sales at Rs 484.94 crore, up 22.27% Y-o-Y', 'Ideaforge Tech Consolidated March 2025 Net Sales at Rs 20.31 crore, down 80.15% Y-o-Y', 'Stocks to Watch Today: Yes Bank, Swiggy, Dr Reddys Labs, Navin Fluorine, Bank of India, Manappuram Finance, ABB India, Puravankara in focus on 12 May', 'BSE, MCX, other capital market shares soar up to 10% as risk-on sentiment returns following India-Pak truce', 'Antfin likely to sell 4% stake in Paytm for Rs 2,200 crore via block deals', 'Raymond Life Consolidated March 2025 Net Sales at Rs 1,494.15 crore, down 11.3% Y-o-Y']",504.6000000000022,1,32,UP,1
2025-05-09,23935.75,24164.25,23935.75,24008.0,335550680.0,28942.61,2025-05-09,"['Neutral Asian Paints; target of Rs 2500: Motilal Oswal', 'Asian Paints shares sink as Q4 net profit tanks 45%; should you buy, sell, or hold?', 'Defence stocks gain on escalating India-Pakistan tension; Paras Defence, Zen Technologies soar up to 6%', 'Buy Coal India; target of Rs 450: Sharekhan', 'Buy Titan Company; target of Rs 3752: Prabhudas Lilladher', 'Yes Bank shares rise 8% to three-month high as lender, SBI board hold meetings on stake sale', 'Stocks to Watch Today: Larsen and Toubro, Britannia, Titan, Venus Pipes, Paytm, Suzlon, Lupin, Union Bank, Kalyan Jewellers in focus on 9 May', 'Defence stocks in focus: All you need to know about HAL, BEL, Bharat Forge and others', 'Titan shares rally 4% on Q4 beat; should you buy, sell, or hold?', 'Reduce Asian Paints; target of Rs 2142: Prabhudas Lilladher', 'Dr Reddy\x92s projects double-digit FY26 growth, eyes resuming manufacturing across US', 'Buy Canara Bank; target of Rs 120: Emkay Global Financial', 'Bulk deals: BOFA Securities Europe SA acquires 1.68% stake in Angel One, 0.72% shares in Nuvama Wealth', 'Q4 result impact: Pidilite Industries shares surge 2% after net profit surges 41%; Zee, Sula Vineyards shares trade flat', 'Buy Voltas; target of Rs 1516: Prabhudas Lilladher', 'Smallcap, midcap indices tumble up to 2% amid rising India-Pak tensions: MCX, RVNL, Suzlon Energy shares drop up to 5%', 'Lupin shares gain on USGFA approval for Raltegravir tablets', ""Japan's SMBC to buy 20% stake in Yes Bank for Rs 13,483 crore from SBI, other banks"", ""Hind Zinc's Rajasthan units in 'emergency preparedness' but no disruption despite tense border"", 'Voltas shares reverse early fall as brokerages remain bullish on positive Q4 show', 'Reduce Aarti Industries; target of Rs 394: Prabhudas Lilladher', 'Q4 result impact: Kirloskar Ferrous shares up 7% as net profit soars 417%; Kalyan, Dhanlaxmi Bank shares rise', 'DLF, Godrej Properties, other realty stocks tumble up to 5% amid profit booking over rising Indo-Pak tensions', 'Sutlej Textiles Standalone March 2025 Net Sales at Rs 666.02 crore, up 2.46% Y-o-Y', 'KPR Mill Standalone March 2025 Net Sales at Rs 1,118.05 crore, down 1.12% Y-o-Y', 'MCX, BSE, Angel One shares tumble up to 6% as rising India-Pak tensions spook investors', 'Sutlej Textiles Consolidated March 2025 Net Sales at Rs 678.67 crore, up 3.4% Y-o-Y', 'KPR Mill Consolidated March 2025 Net Sales at Rs 1,768.98 crore, up 4.26% Y-o-Y']",72.25,1,35,UP,1
2025-05-08,24431.5,24447.25,24150.2,24273.8,411362230.0,36893.06,2025-05-08,"['CLSA sees 20% upside in MRF shares, sets target price at Rs 1,68,000', 'Asian Paints Standalone March 2025 Net Sales at Rs 7,192.41 crore, down 3.86% Y-o-Y', 'Titan says MD Venkataraman to retire by year-end, Ajoy Chawla announced as his successor', 'Titan Company Standalone March 2025 Net Sales at Rs 13,477.00 crore, up 19.72% Y-o-Y', 'Stocks to Watch Today: Bharti Airtel, Kfin Technologies, Nazara Tech, Dabur, Blue Star, Voltas, Symphony, United Breweries, Coal India in focus on 8 May', 'Trade Spotlight: How should you trade Zensar Technologies, APL Apollo Tubes, ITC, CRISIL, BSE, Aurobindo Pharma, and others on May 9?', 'Titan Q4 results: Net profit rises 11% to Rs 870 crore, beats estimates', 'Asian Paints Consolidated March 2025 Net Sales at Rs 8,358.91 crore, down 4.26% Y-o-Y', 'Titan Company Consolidated March 2025 Net Sales at Rs 14,916.00 crore, up 19.39% Y-o-Y', 'Buy Coal India; target of Rs 475: Emkay Global Financial', 'Buy Bank of Baroda; target of Rs 275: Prabhudas Lilladher', 'Buy Bank of Baroda; target of Rs 253: LKP Research', ""FMCG stocks tumble after Dabur's weak Q4 results"", 'Buy Bank of Baroda; target of Rs 280: Emkay Global Financial', 'Pidilite Ind Consolidated March 2025 Net Sales at Rs 3,141.14 crore, up 8.25% Y-o-Y', 'Aarti Ind Consolidated March 2025 Net Sales at Rs 1,949.00 crore, up 9.93% Y-o-Y', 'Q4 results impact: Symphony, Voltas shares jump up to 11% after March quarter results, Blue Star shares fall 1%', 'Buy Punjab National Bank; target of Rs 125: Emkay Global Financial', 'Jindal Stainles Consolidated March 2025 Net Sales at Rs 10,198.32 crore, up 7.87% Y-o-Y', 'Aarti Ind Standalone March 2025 Net Sales at Rs 1,991.00 crore, up 12.55% Y-o-Y', 'Jindal Stainles Standalone March 2025 Net Sales at Rs 10,785.53 crore, up 13.28% Y-o-Y', 'Guj Heavy Chem Standalone March 2025 Net Sales at Rs 781.47 crore, down 5.09% Y-o-Y', 'Pidilite Ind Standalone March 2025 Net Sales at Rs 2,850.86 crore, up 10.12% Y-o-Y', 'PB Health bags investment for hospital chain, gets $218 million funding led by General Catalyst', 'Mayur Uniquoter Standalone March 2025 Net Sales at Rs 214.18 crore, down 0.89% Y-o-Y', 'Kalyan Jeweller Standalone March 2025 Net Sales at Rs 5,350.39 crore, up 38.05% Y-o-Y', 'Kalyan Jeweller Consolidated March 2025 Net Sales at Rs 6,181.53 crore, up 36.31% Y-o-Y', 'Mayur Uniquoter Consolidated March 2025 Net Sales at Rs 250.56 crore, up 13.43% Y-o-Y']",-157.70000000000073,0,44,UP,1
2025-05-07,24233.3,24449.6,24220.0,24414.4,330137191.0,27648.34,2025-05-07,"['Coal India Consolidated March 2025 Net Sales at Rs 37,824.54 crore, up 1.11% Y-o-Y', 'Top gainers and losers: Stocks that moved the most on May 7', 'Buy State Bank of India; target of Rs 907: LKP Research', 'Titan Company Q4 Preview: Rising gold prices impact demand, single-digit profit growth seen', 'Trade Spotlight: How should you trade Maruti Suzuki, APL Apollo Tubes, Devyani International, Aditya Birla Capital, Motherson, and others on May 8?', 'Buy Adani Ports and SEZ; target of Rs 1550: Motilal Oswal', 'MRF Standalone March 2025 Net Sales at Rs 6,943.84 crore, up 11.73% Y-o-Y', 'Coal India Q4 results: Net profit rises 12% to Rs 9,604 crore, firm declares Rs 5.15 dividend', 'Tata Chemicals Standalone March 2025 Net Sales at Rs 1,219.00 crore, up 11.83% Y-o-Y', 'Coal India Standalone March 2025 Net Sales at Rs 473.43 crore, down 3% Y-o-Y', 'MRF Consolidated March 2025 Net Sales at Rs 7,074.82 crore, up 11.43% Y-o-Y', 'Tata Chemicals Consolidated March 2025 Net Sales at Rs 3,509.00 crore, up 0.98% Y-o-Y', 'Stocks to Watch Today: BSE, NLC India, GMDC, GP Petroleums, HPCL, Godrej Consumer, KEI Industries, Paytm, Mahanagar Gas in focus on 7 May', 'Q4 results impact: MRF shares surge 4% after net profit jumps 29%; HUDCO, CarTrade tumble', 'ABB India Q1 earnings preview: Slower order flow likely to result in mixed quarter', 'PNB-led CoC of Bhushan Power to meet in 2-3 days to decide on future course of action: CEO Ashok Chandra', 'Voltas Consolidated March 2025 Net Sales at Rs 4,767.56 crore, up 13.44% Y-o-Y', 'Buy Atul; target of Rs 8300: Anand Rathi', 'Neutral Vedanta; target of Rs 470: Motilal Oswal', 'Voltas Standalone March 2025 Net Sales at Rs 3,634.91 crore, up 18.92% Y-o-Y', 'Paytm shares surge 8% after solid Q4 results: Should you buy, sell or hold?', 'Neutral One 97 Communications; target of Rs 870: Motilal Oswal']",181.10000000000218,1,38,UP,1
2025-05-06,24500.75,24509.65,24331.8,24379.6,302354059.0,26481.15,2025-05-06,"[""Sensex tumbles over 450 pts from day's high, Nifty below 24,400: US Fed jitters among key factors behind market decline"", 'Asian Paints Q4 Preview: Profit likely to tumble on muted demand, rising competition', 'Stocks to Watch Today: Indian Hotels, CCL Products, DCM Shriram, Ather Energy, Senores Pharma, Paras Defence, Glenmark in focus on 6 May', 'Legacy FPIs in Bajaj Finance staring at possible tax shock over bonus shares', ""Pharma shares sulk on Trump's plan to reduce reliance on foreign-made medicines"", 'Buy Bajaj Finserv; target of Rs 2350: Sharekhan', 'Japan\x92s SMBC in talks with SBI for Yes Bank stake acquisition', 'Buy Kotak Mahindra Bank; target of Rs 2500: Sharekhan', 'Trade Spotlight: How should you trade Coromandel International, Ceat, Elecon Engineering, Chambal Fertilisers, Max Healthcare, and others on May 7?', 'Bank of Baroda shares slip 10% as net interest income drops 7%, provisions rise in Q4; net profit rises 3%', 'Midcap, smallcap indices drop up to 3% on broad-based selling: Here are the top losers', 'Buy Godrej Agrovet; target of Rs 840: Motilal Oswal', ""YES Bank shares off highs after rising on Japan's SMBC's talks with SBI for stake acquisition"", 'Bank Nifty falls for 7th time in 9 sessions; PNB, IndusInd, SBI decline up to 2%', 'Sell RailTel Corporation of India; target of Rs 270: ICICI Securities', 'Stovec Ind Standalone March 2025 Net Sales at Rs 49.06 crore, down 18.18% Y-o-Y']",-121.15000000000146,0,-1,DOWN,0
2025-05-05,24419.5,24526.4,24400.65,24461.15,291471628.0,26918.36,2025-05-05,"[""Shell, RIL, ONGC complete India's first offshore decommissioning project by removing Tapti field facilities"", 'Paint, tyre stocks rally sharply as crude prices sink below $60 per barrel', 'Trade Spotlight: How should you trade Honasa Consumer, Godrej Properties, Elecon Engineering, Eternal, SBI, Adani Total Gas, and others on May 6?', 'Buy State Bank of India; target of Rs 960: Prabhudas Lilladher', 'Buy State Bank of India; target of Rs 975: Emkay Global Financial', 'SBI shares slip 1% after mixed Q4 results; should you buy, sell, or hold?', 'Buy State Bank of India; target of Rs 915: Motilal Oswal', 'Sensex jumps 500 pts, Nifty above 24,500: Sharp fall in crude, other key factors behind market rally', 'Buy IOCL; target of Rs 165: Motilal Oswal', 'Buy Bajaj Finance; target of Rs 980: Sharekhan', ""Adani Group stocks rise up to 11% amid report of Gautam Adani's aides meeting Trump officials"", 'Stocks to Watch Today: SBI, Kotak Mahindra Bank, Marico, Indian Bank, RR Kabel, AU SFB, Azad Engineering, IRCON, Concord Biotech in focus on 5 May', 'Reduce Indian Oil Corporation; target of Rs 122: Prabhudas Lilladher', 'Buy Kotak Mahindra Bank; target of Rs 2400: Prabhudas Lilladher', 'Reduce Kotak Mahindra Bank; target of Rs 1950: Emkay Global Financial', 'Kotak Mahindra Bank shares fall 5% after weak Q4 results; should you buy, sell, or hold?', 'Hold Avenue Supermarts; target of Rs 3975: Prabhudas Lilladher', 'Broader markets outperform benchmarks: Here are the top small and midcap gainers', 'Buy Avenue Supermarts; target of Rs 4350: Motilal Oswal', 'Adani Total Gas Consolidated March 2025 Net Sales at Rs 1,341.26 crore, up 14.94% Y-o-Y', 'Avenue Supermar Consolidated March 2025 Net Sales at Rs 14,871.86 crore, up 16.86% Y-o-Y', 'Buy Kotak Mahindra Bank; target of Rs 2490: LKP Research', 'Sensex, Nifty trade higher as Adani Enterprises leads gains; broader markets outperform', 'Buy Adani Power; target of Rs 610: ICICI Securities', 'Buy Kotak Mahindra Bank; target of Rs 2500: Motilal Oswal', 'Avenue Supermar Standalone March 2025 Net Sales at Rs 14,462.39 crore, up 16.69% Y-o-Y', ""Marico's Q4 report impresses, stock runs up 4%; should you buy, sell, or hold?"", 'Buy Marico; target of Rs 800: Motilal Oswal', 'Archean Chem Standalone March 2025 Net Sales at Rs 321.77 crore, up 13.54% Y-o-Y', 'Buy Marico; target of Rs 810: Emkay Global Financial', 'Archean Chem Consolidated March 2025 Net Sales at Rs 345.58 crore, up 21.72% Y-o-Y', ""Glenmark's novel cancer drug gets fast track status from USFDA"", 'Hold Marico; target of Rs 718: Prabhudas Lilladher', 'Azad Engineering shares up nearly 4% on signing long term contract with GE Vernova', 'Reduce Indus Tower: target of Rs 350: ICICI Securities', 'Suven to Divi\x92s: Indian CDMOs seize opportunity in pivot away from China amid global trade tensions', 'Reduce Ajanta Pharma: target of Rs 2500: ICICI Securities', 'Marico Standalone March 2025 Net Sales at Rs 1,870.00 crore, up 14.23% Y-o-Y', 'Buy Atul; target of Rs 8450: Motilal Oswal', 'AU Small Finance share price declines over 3% with 1.4% block deal, PE funds key sellers', 'Buy Godrej Properties; target of Rs 2755: Motilal Oswal']",41.650000000001455,1,42,UP,1
2025-05-02,24311.9,24589.15,24238.5,24346.7,421112627.0,34043.27,2025-05-02,"['Adani Ports Consolidated March 2025 Net Sales at Rs 8,488.44 crore, up 23.08% Y-o-Y', 'Stocks to Watch Today: PNB Housing, JSW Energy, Maruti Suzuki, M&M, Paras Defence, Federal Bank, Eternal, Mobikwik, NMDC, NCC in focus on 2 May', 'Adani Enterprises shares rise 2% after Q4 profit surges more than sevenfold', 'Top gainers and losers today: Stocks that moved the most on May 2', 'Bajaj Finance Standalone March 2025 Net Sales at Rs 15,796.96 crore, up 23.8% Y-o-Y', 'UltraTechCement Consolidated March 2025 Net Sales at Rs 23,063.32 crore, up 12.95% Y-o-Y', 'UltraTechCement Standalone March 2025 Net Sales at Rs 21,134.68 crore, up 6.71% Y-o-Y', 'Adani Ports shares gain 5% after March quarter profit jumps 50%; brokerage sees up to 27% upside', 'Adani Enterpris Standalone March 2025 Net Sales at Rs 6,164.55 crore, down 33.07% Y-o-Y', ""IndusInd Bank may ask Axis Bank's Rajiv Anand to takeover as CEO: Report"", ""Sensex falls 700 pts from day's high, Nifty below 24,350: US recession fears among key factors behind market decline"", 'Sensex up 500 pts, Nifty above 24,400: Rupee rally, other key factors behind market rise', 'Q4 results impact: IOC stock surges 4%; Indus Towers, Jindal Saw shares tumble up to 7%', 'Buy Bajaj Finance; target of Rs 10,500: Sharekhan', 'Bajaj Finance Consolidated March 2025 Net Sales at Rs 18,456.85 crore, up 23.65% Y-o-Y', 'IOC Standalone March 2025 Net Sales at Rs 194,967.02 crore, down 1.52% Y-o-Y', 'Adani Enterpris Consolidated March 2025 Net Sales at Rs 26,965.86 crore, down 7.59% Y-o-Y', 'Bajaj Finserv Standalone March 2025 Net Sales at Rs 64.64 crore, up 48.15% Y-o-Y', 'Adani Ports Standalone March 2025 Net Sales at Rs 2,129.80 crore, up 8.46% Y-o-Y', 'Bajaj Finserv Consolidated March 2025 Net Sales at Rs 36,595.36 crore, up 14.21% Y-o-Y', 'IOC Consolidated March 2025 Net Sales at Rs 195,270.29 crore, down 1.7% Y-o-Y', 'Adani Green Ene Standalone March 2025 Net Sales at Rs 6,461.00 crore, down 11.54% Y-o-Y', 'Adani Power Standalone March 2025 Net Sales at Rs 12,201.02 crore, up 20.32% Y-o-Y', 'April auto sales data: These automakers sold the highest number of cars in India', 'April auto sales impact: Maruti Suzuki, M&M, TVS Motor shares rise up to 4%', 'Trade Spotlight: How should you trade Maruti Suzuki, Apollo Tyres, HDFC Life Insurance, Max Financial Services, Power Grid, and others on May 2?', 'Paushak Ltd Standalone March 2025 Net Sales at Rs 52.36 crore, down 2.73% Y-o-Y', 'INDUS TOWERS Consolidated March 2025 Net Sales at Rs 7,727.10 crore, up 7.42% Y-o-Y', 'Buy Ajanta Pharma; target of Rs 3180: Choice Equity Broking', 'Vedanta Standalone March 2025 Net Sales at Rs 20,098.00 crore, up 13.03% Y-o-Y', 'Ajanta Pharma Standalone March 2025 Net Sales at Rs 1,013.94 crore, up 9.49% Y-o-Y', 'Paras Defence Consolidated March 2025 Net Sales at Rs 108.23 crore, up 35.81% Y-o-Y', 'Railtel Standalone March 2025 Net Sales at Rs 1,308.28 crore, up 57.11% Y-o-Y', 'Paras Defence Standalone March 2025 Net Sales at Rs 90.16 crore, up 38.45% Y-o-Y', 'Buy Lloyds Metals and Energy; target of Rs 1570: Anand Rathi', ""Marico set to announce Q4 results today: Shareholders eye dividend payout; here's what to expect"", ""Vodafone Idea to amend shareholders' pact to enable promoters retain management rights"", 'Buy Vedanta; target of Rs 525: Emkay Global Financial', 'Railtel Corp shares surge 12% on strong earnings show in Q4FY25', 'Godrej Agrovet Standalone March 2025 Net Sales at Rs 1,549.88 crore, up 3.54% Y-o-Y', 'Godrej Agrovet Consolidated March 2025 Net Sales at Rs 2,133.64 crore, down 0.03% Y-o-Y', 'Marico Q4 results: Net profit rises 8% to Rs 343 crore, firm declares Rs 7 dividend', 'Ajanta Pharma Consolidated March 2025 Net Sales at Rs 1,170.41 crore, up 11.04% Y-o-Y', 'INDUS TOWERS Standalone March 2025 Net Sales at Rs 7,727.10 crore, up 7.42% Y-o-Y', 'Vedanta Consolidated March 2025 Net Sales at Rs 40,455.00 crore, up 13.93% Y-o-Y', 'Neutral Indus Towers; target of Rs 395: Motilal Oswal', 'Godrej Prop Standalone March 2025 Net Sales at Rs 911.69 crore, up 38.16% Y-o-Y', 'Godrej Prop Consolidated March 2025 Net Sales at Rs 2,121.73 crore, up 48.78% Y-o-Y', 'Godrej Properties Q4 Results: Net profit drops 19% to Rs 382 crore, revenue rises 49%']",34.79999999999927,1,88,UP,1
2025-04-30,24342.05,24396.15,24198.75,24334.2,424452559.0,41073.48,2025-04-30,"['Hold Bajaj Finance; target of Rs 9000: Prabhudas Lilladher', 'Bajaj Finance, Bajaj Finserv shares crack 6% following Q4 earnings show; should you buy, sell, or hold?', 'Buy UltraTech Cement; target of Rs 13,647: Sharekhan', 'Stocks to Watch Today: Bajaj Finance, IndusInd Bank, IndiaMART, Schaeffler India, Vishal Mega Mart, Prestige Estates, Strides Pharma in focus on 30 April', 'Buy Ultratech Cement; target of Rs 15,210: Choice Equity Broking', 'Buy Ambuja Cement; target of Rs 658: Prabhudas Lilladher', 'Adani Power Q4 results: Net profit falls 4% to Rs 2,637 crore, revenue up 6.5%', 'Buy Adani Green Energy; target of Rs 1500: Emkay Global Financial', 'Buy Ambuja Cement; target of Rs 625: Choice Equity Broking', 'Vedanta Q4 net profit rises 154% on-year to Rs 3,483 crore', 'SDHI shares rise 5% as firm signs MoU with Wheel & Time Shipping', 'Buy PCBL Chemical; target of Rs 464: Prabhudas Lilladher', 'Paras Defence shares zoom 10% ahead of Q4 results, likely announcement on dividend, stock split', 'Trade Spotlight: How should you trade Bharat Dynamics, Cochin Shipyard, Max Financial Services, Alkem Labs, Bharti Airtel, and others on April 30?', 'Realty stocks surge up to 5% on investor interest ahead of Godrej, Phoenix results']",-7.849999999998545,0,22,UP,1
2025-04-29,24370.7,24457.65,24290.75,24335.95,357563224.0,30436.88,2025-04-29,"['Hold Shriram Finance: target of Rs 640: ICICI Securities', 'Buy UltraTech Cement; target of Rs 13,900: Motilal Oswal', 'Buy Ultratech Cement; target of Rs 13,668: Prabhudas Lilladher', 'Trade Spotlight: How should you trade Ultratech Cement, Birlasoft, Sonata Software, Hindustan Unilever, Bharat Electronics, and others on April 29?', 'Buy UltraTech Cement; target of Rs 13,992: ICICI Securities', 'Buy Tech Mahindra; target of Rs 1650: Sharekhan', 'Bajaj Finance Q4 results: Net profit rises 17% to Rs 4,480 crore, firm declares Rs 12 special dividend, Rs 44 final dividend', ""LTI Mindtree, TechM surge 2% as IT index rallies on a rangebound day: What's pushing IT higher"", 'Bajaj Finance announces 4:1 bonus issue, 1:2 stock split', 'Trent Q4 net profit declines 46% to Rs 350 cr, revenue up 29%', 'Bajaj Finance shares trade in red ahead of Q4 results, likely dividend, bonus issue, stock split announcements', 'Q4 results impact: Reliance Industries shares at highest level since October 2024', 'Ambuja Cements Q4 results: Net profit falls 9% to Rs 956 crore, sluggish prices hurt margins', 'Canara HSBC Life Insurance Company files for initial public offering', ""Sensex falls 500 pts from day's high, Nifty below 24,350: Muted global cues among key factors behind risk-off sentiment"", 'Stocks to Watch Today: Tata Technologies, CESC, Wipro, Landmark Cars, Aurobindo, CSB Bank, PNB Housing, Indegene, Hexaware in focus on 29 April', 'Whirlpool India shares rise 10% as report says Advent, Bain Capital eyeing stake in company', 'Paras Defence, BEL, other defence stocks extend gains for 2nd day, surge up to 14% ahead of Cabinet meet tomorrow', ""Aurobindo Pharma shares fall 3% amid fire incident at firm's Kakinada facility"", 'Samvardhana Motherson shares in focus as Volvo defers guidance for 2 years, Porsche cuts guidance']",-34.75,0,19,UP,1
2025-04-28,24070.25,24355.1,24054.05,24328.5,320467976.0,28278.82,2025-04-28,"['Trade Spotlight: How should you trade Grasim, UltraTech Cement, Dalmia Bharat, MCX India, Navin Fluorine, Havells and others on April 28?', 'Nifty Bank snaps three-day losing streak: PNB, SBI, Axis shares rise over 2%', 'Shriram Finance Standalone March 2025 Net Sales at Rs 11,454.23 crore, up 20.78% Y-o-Y', 'Sensex surges 1,000 pts, Nifty above 24,300: Strong RIL Q4 results, other key factors behind market rally', 'Buy Shriram Finance; target of Rs 750: Emkay Global Financial', 'Reliance Consolidated March 2025 Net Sales at Rs 261,388.00 crore, up 10.51% Y-o-Y', 'Hold Shriram Finance; target of Rs 685: Prabhudas Lilladher', 'We export largely to the global South; but trade war can hurt in various ways: Rajiv Bajaj', 'Buy Axis Bank; target of Rs 1400: Sharekhan', 'UltraTech Cement Q4 results: Net profit jumps 10% to Rs 2,482 crore, but realisations sluggish', ""UltraTech says subsidiary India Cements' performance to improve with efficiencies, price increases"", ""Full transcript: Rajiv Bajaj's exclusive interview to Moneycontrol"", 'RIL shares soar over 5% on Q4 beat, jump most in nearly one year; brokerages bullish', 'Shriram Finance mulling yen-denominated fundraise to diversify borrowing, CEO says', 'Shriram Finance Consolidated March 2025 Net Sales at Rs 11,454.23 crore, up 15.65% Y-o-Y', 'Stocks to Watch Today: Reliance Industries, IDFC First Bank, Tata Tech, Tejas Networks, India Cements, IGL, Biocon, Zydus Life in focus on 28 April', 'Reliance Standalone March 2025 Net Sales at Rs 132,962.00 crore, down 9.45% Y-o-Y', 'Shriram Finance shares extend losses to fall 14% in two sessions as Q4FY25 misses estimates', 'Trent Q4 Preview: Revenue to see strong growth, margins may feel pressure from weak mix, extended sale', 'Buy Maruti Suzuki; target of Rs 13,985: Motilal Oswal', 'Buy Maruti Suzuki India; target of Rs 13,500: Emkay Global Financial', 'Buy Maruti Suzuki; target of Rs 13,350: Anand Rathi', ""Maruti Suzuki's cautious commentary, margin miss in Q4 results prompts cuts in target prices, stock sinks 3%"", 'Buy Maruti Suzuki; target of Rs 14,001: Prabhudas Lilladher', 'Defence stocks surge amid India-Pakistan border tensions; Paras Defence, BEL gain up to 10%', 'Lloyds Metals Standalone March 2025 Net Sales at Rs 1,193.30 crore, down 23.23% Y-o-Y', 'Buy IDFC First Bank; target of Rs 77: Anand Rathi', 'Neutral Hindustan Zinc; target of Rs 460: Motilal Oswal', 'Lloyds Metals Consolidated March 2025 Net Sales at Rs 1,193.30 crore, down 23.23% Y-o-Y', 'RailTel Corporation shares gain on winning order worth Rs 90 crore', 'Yes Bank\x92s deposits costs to be at par with larger peers in 2\x963 years, says MD & CEO Prashant Kumar', 'Hindustan Zinc sees cost of production falling further amid volatile global prices', 'Neutral IDFC First Bank; target of Rs 72: Motilal Oswal', 'RBL Bank shares soar 6% on Q4 profit beat, improving asset quality', 'Buy RBL Bank; target of Rs 220: Motilal Oswal', 'Buy RBL Bank; target of Rs 225: Emkay Global Financial']",258.25,1,31,UP,1
2025-04-25,24289.0,24365.45,23847.85,24039.35,387741866.0,33430.86,2025-04-25,"['SBI Life shares top Nifty gainer, rise 7% on FY25 PBT growth and positive brokerage views', 'Buy Tech Mahindra; target of Rs 1950: Motilal Oswal', 'Tech Mahindra Q4FY25 earnings signal turnaround, brokerages optimistic', 'Axis Bank Deputy MD Rajiv Anand to retire on August 3', 'Accumulate Tech Mahindra; target of Rs 1530: Prabhudas Lilladher', 'Buy Hindustan Aeronautics; target of Rs 5100: Motilal Oswal', 'SBI Life Insura Standalone March 2025 Net Sales at Rs 23,070.95 crore, down 36.37% Y-o-Y', 'Neutral Axis Bank; target of Rs 1300: Motilal Oswal', 'Sensex plunges 800 pts, Nifty below 24k as Pahalgam attack fuels geopolitical jitters; small, midcap indices fall 3%', 'Stocks to Watch Today: Axis Bank, Tech Mahindra, L&T Tech, Macrotech Developers, Cyient, IEX, Container Corporation in focus on 25 April', 'Jio Platforms Q4 net profit jumps 26% on back of strong ARPU, robust homes and digital services business growth', 'Buy SBI Life; target of Rs 1950: Emkay Global Financial', 'Buy Axis Bank; target of Rs 1395: LKP Research', 'Tech Mahindra Consolidated March 2025 Net Sales at Rs 13,384.00 crore, up 3.98% Y-o-Y', 'Tech Mahindra Standalone March 2025 Net Sales at Rs 11,583.60 crore, up 11.26% Y-o-Y', 'Reduce Tech Mahindra; target of Rs 1250: ICICI Securities', 'Axis Bank bags optimistic brokerage calls on Q4 profit beat but stock sinks 4% on weak growth outlook', 'Buy Axis Bank; target of Rs 1400: ICICI Securities', 'Reliance Q4 earnings: Company records strong double-digit growth in digital, retail businesses; here are 10 key important highlights', 'Buy Axis Bank; target of Rs 1425: Asit C Mehta', ""Nifty Bank extends losses to 3rd straight day, declines up to 1.6% on Axis Bank's Q4 results; Kotak, SBI fall up to 2%"", 'Buy SBI Life Insurance; target of Rs 2000: Motilal Oswal', 'Buy Axis Bank; target of Rs 1500: Prabhudas Lilladher', 'Sensex falls 500 pts, Nifty below 24,100: Escalating Indo-Pak tensions among key factors to spook markets', 'Maruti Suzuki Q4 Results: Net profit falls 4.3% on-year to Rs 3,711 crore; firm declares Rs 135 per share dividend', 'Hold Nestle; target of Rs 2350: ICICI Securities', 'Accumulate Nestle India; target of Rs 2559: Prabhudas Lilladher', 'Canara Robeco AMC files IPO papers; Canara Bank, ORIX Corp to sell shares', 'Reduce Nestle India; target of Rs 2300: Emkay Global Financial', 'Maruti Suzuki Consolidated March 2025 Net Sales at Rs 40,920.10 crore, up 6.37% Y-o-Y', ""Maruti Suzuki set to announce Q4 results today: Here's what investors should watch out for"", 'Maruti Suzuki Standalone March 2025 Net Sales at Rs 40,673.80 crore, up 6.38% Y-o-Y', 'Neutral Nestle India; target of Rs 2400: Motilal Oswal', 'Hind Zinc Consolidated March 2025 Net Sales at Rs 9,087.00 crore, up 20.37% Y-o-Y', 'Atul Standalone March 2025 Net Sales at Rs 1,314.79 crore, up 18.29% Y-o-Y', 'Hindustan Zinc Q4 net profit surges 47% to Rs 3,003 crore, revenue rises 20%', 'Hind Zinc Standalone March 2025 Net Sales at Rs 9,041.00 crore, up 19.75% Y-o-Y', 'Atul Consolidated March 2025 Net Sales at Rs 1,451.64 crore, up 19.76% Y-o-Y', 'RBL Bank Q4: Net profit falls 80% to Rs 69 crore on higher provisions, board declares dividend']",-249.65000000000146,0,58,UP,1
2025-04-24,24277.9,24347.85,24216.15,24246.7,358768165.0,33057.29,2025-04-24,"['Bajaj Finance shares in focus as board to consider stock split, bonus issue and dividend on April 29', 'Axis Bank Q4 results: Net profit marginally declines to Rs 7,118 crore but beats estimates', 'Stocks to Watch Today: Tata Consumer Products, BPCL, Adani Green Energy, Panacea Biotec, Thyrocare, Bajaj Housing, LTIMindtree in focus on 24 April', 'Trade Spotlight: How should you trade Divis Labs, APL Apollo Tubes, UPL, GMR Airports, Jubilant Pharmova, Ceat and others on April 25?', 'HCL Tech Consolidated March 2025 Net Sales at Rs 30,246.00 crore, up 6.13% Y-o-Y', 'Nifty, Sensex snap 7-day rally amid expiry-driven volatility, FMCG stocks drag markets', ""Huge fire in BHEL's Bhopal unit, shares down 1% amid likely production impact"", ""Ather Energy's top investors Tiger Global, GIC and founders set to ride home with multi-bagger returns"", 'Nestle India Q4 results: Net profit falls 5% to Rs 885 crore, FMCG firm declares Rs 10 dividend', 'Nestle Consolidated March 2025 Net Sales at Rs 5,503.88 crore, down 45.5% Y-o-Y', 'Nestle Standalone March 2025 Net Sales at Rs 5,503.88 crore, up 4.49% Y-o-Y', 'HCL Tech Standalone March 2025 Net Sales at Rs 13,432.00 crore, up 11.22% Y-o-Y', 'Vodafone Idea taps Cisco for core network upgrade', ""Sajjan Jindal's JSW Paints, Advent-Indigo submit bids to acquire Dulux-owner Akzo India: Report"", 'Buy AU Small Finance Bank; target of Rs 760: LKP Research']",-31.200000000000728,0,16,UP,1
2025-04-23,24357.6,24359.3,24119.95,24328.95,415042544.0,34527.08,2025-04-23,"[""Bank Nifty snaps six-day rally to slip 1.3% from day's high, Kotak Mahindra, HDFC Bank top laggards"", 'RIL Q4 Preview: Retail, digital likely to grow; O2C earnings may weaken', 'Buy HCL Technologies; target of Rs 1730: Sharekhan', 'Reduce HCL Technologies; target of Rs 1390: ICICI Securities', 'Eicher Motors shares drop up to 3% amid buzz of zero tariff on Harley-Davidson bikes', 'Coforge, HCL Tech, Wipro, other IT shares jump up to 7% amid hopes of easing trade tensions', 'Stocks to Watch Today: HCL Tech, Ashoka Buildcon, PNC Infratech, Airtel, Bharat Forge, Cyient DLM, M&M Financial, RBL Bank in focus on 23 April', 'Buy HCL Technologies; target of Rs 1800: Motilal Oswal', 'Lupin shares rise on US launch of kidney drug Tolvaptan; $200 million revenue seen by FY26', ""'Sense of urgency' among pharma giants to move beyond China: Suven Pharma Chairman"", 'Buy Solar Industries; target of Rs 16,000: ICICI Securities', 'Buy Atul; target of Rs 8500: Emkay Global Financial', ""Emkay initiates coverage on Atul with 'buy' tag amid cheap valuations, sees 41% upside"", 'Small, midcap indices extend gaining streak to 7 days; here are the top gainers', 'Trade Spotlight: How should you trade Lupin, Aarti Industries, Phoenix Mills, Choice International, APL Apollo Tubes, Pennar, and others on April 23?', 'Buy AU Small Finance Bank; target of Rs 775: Motilal Oswal', 'Buy AU Small Finance Bank; target of Rs 725: ICICI Securities', 'Buy AU Small Finance Bank; target of Rs 750: Sharekhan', 'Reduce AU Small Finance Bank; target of Rs 600: Emkay Global Financial']",-28.649999999997817,0,18,UP,1
2025-04-22,24185.4,24242.6,24072.0,24167.25,440940490.0,35479.29,2025-04-22,"['Consumption to rebound in FY26 on tax boost, income stimulus; upgrade HUL, ITC: UBS', 'Metal stocks trade higher after govt imposes 12% safeguard duty on steel imports', 'Trade Spotlight: How should you trade LIC, CDSL, SBI, Sun Pharma, Hindalco, Adani Green Energy, and others on April 22?', 'Jefferies downgrades Hero Moto, Bajaj Auto but maintains \x91buy\x92 on Eicher, TVS Motor', 'Stocks to Watch Today: HUL, Coal India, Gandhar Oil Refinery, Nureca, Paytm, HG Infra, Tata Power, Anant Raj in focus on 22 April', 'Nestle India Q4 Preview: Profit likely to sink 6% amid surging inflation, muted demand; margins under pressure', 'BFSI market cap soared over 50x in two decades, powered by digitalization and fintech', 'Buy ICICI Bank; target of Rs 1638: LKP Research', 'Buy HDFC Life Insurance Company; target of Rs 870: Sharekhan', 'Buy ICICI Bank; target of Rs 1650: Sharekhan', 'Himadri Special Consolidated March 2025 Net Sales at Rs 1,134.64 crore, down 3.59% Y-o-Y', 'Himadri Special Standalone March 2025 Net Sales at Rs 1,129.01 crore, down 4.07% Y-o-Y', 'AU Small Finance Bank reports 37% surge in net profit in FY25']",-18.150000000001455,0,16,UP,1
2025-04-21,23949.15,24189.55,23903.65,24125.55,406145632.0,33125.62,2025-04-21,"['Stocks to Watch Today: Infosys, ICICI Bank, HDFC Bank, HDFC Life, NIIT, ABB India, Tata Elxsi, Just Dial, TCS in focus on 21 April', 'Buy Adani Ports and SEZ; target of Rs 1560: Motilal Oswal', 'Tata Elxsi Standalone March 2025 Net Sales at Rs 908.34 crore, up 0.26% Y-o-Y', 'Reduce Tata Elxsi; target of Rs 4250: ICICI Securities', 'Banks fear potential hit on margins amid chance of more RBI rate cuts in FY26', 'In-demand ULIPs drive topline, but insurers cautious to limit over-exposure', 'Jio Financial Standalone March 2025 Net Sales at Rs 151.53 crore, up 7.84% Y-o-Y', 'Buy ICICI Bank; target of Rs 1600: Emkay Global Financial', 'Buy HDFC Life Insurance; target of Rs 775: Emkay Global Financial', 'Jio Financial Consolidated March 2025 Net Sales at Rs 493.24 crore, up 17.97% Y-o-Y', 'Buy ICICI Bank; target of Rs 1700: Prabhudas Lilladher', 'ICICI Bank delivers blockbuster Q4 despite macro headwinds, brokerage upgrades pour in; shares end flat', 'Buy ICICI Bank; target of Rs 1650: Motilal Oswal', 'Buy IDFC FIRST Bank; target of Rs 75: ICICI Securities', 'Yes Bank shares rise 5% as lender posts 63% rise in Q4 net profit on lower provisions', 'Indian Renew Consolidated March 2025 Net Sales at Rs 1,905.06 crore, up 36.93% Y-o-Y', 'HDFC AMC Consolidated March 2025 Net Sales at Rs 901.36 crore, up 29.61% Y-o-Y', 'Buy HDFC Asset Management Company; target of Rs 4600: Prabhudas Lilladher', 'HDFC AMC shares rise 4% on strong Q4 results, Motilal Oswal sees up to 13% upside', 'HDFC AMC Standalone March 2025 Net Sales at Rs 901.22 crore, up 29.59% Y-o-Y']",176.39999999999782,1,21,UP,1
2025-04-17,23401.85,23872.35,23298.55,23851.65,505333905.0,38450.09,2025-04-17,"['Stocks to Watch Today: Hero MotoCorp, Zydus Life, Lupin, Sonata Software, Dalmia Bharat, Paytm, Infosys, Angel One, Wipro in focus on 17 April', 'Hero MotoCorp pauses production at 4 manufacturing plants, shares fall nearly 3%', 'HDFC Life Q4 results: Net profit rises 16% to Rs 477 crore, insurer declares Rs 2.1 dividend', 'Trade Spotlight: How should you trade Indian Bank, Zee Entertainment, Ceat, Aditya Birla Capital, Max Financial, Engineers India, and others on April 17?', 'Zydus, Lupin seen weathering generic Myrbetriq court loss, says Elara report', 'Warburg Pincus, ADIA to invest up to Rs 7,500 crore in IDFC First Bank', 'Angel One shares sink 6% as Q4 show disappoints investors, profit tanks 49% YoY', 'Angel One Standalone March 2025 Net Sales at Rs 1,031.35 crore, down 23.43% Y-o-Y']",449.8000000000029,1,6,UP,1
2025-04-16,23344.1,23452.2,23273.05,23437.2,348424960.0,28102.36,2025-04-16,"['Nifty Bank extends gains for 3rd straight session; Federal Bank, BoB, PNB shares surge up to 2%', 'Cost and access drive international patients to India for CAR-T therapy', 'Stocks to Watch Today: IndusInd Bank , Adani Total Gas, MGL, Oil India, Vedanta, Aster DM Healthcare, IREDA, ICICI Prudential Life in focus on 16 April', 'Mahanagar Gas, IGL, Adani Total Gas stocks tumble as Centre trims priority gas allocation', 'Buy ABB India; target of Rs 6700: Motilal Oswal', 'Hindalco, JSW Steel, Hind Zinc, other metal shares drop up to 2% amid US-China trade war fears', 'Trade Spotlight: How should you trade Tata Communications, Prestige Estates, BHEL, Nykaa, HDFC Life, Paradeep Phosphates, and others on April 16?', 'ABB India shares shoot up 3% as Motilal Oswal reiterates \x91buy\x92 on growth prospects', 'Nifty, Sensex trade flat, as investors cautious amid tariff tremors; IT, auto stocks tumble', 'IREDA shares jump 7% on robust Q4 earnings, net profit soars 49%', 'Bitter pill for Lupin, Zydus Life shares as patent case over Myrbetriq lost in US court', 'Gensol and BluSmart promoter Anmol Singh Jaggi diverted EV loans to purchase a DLF Camellias flat: SEBI', 'Indian Renew Standalone March 2025 Net Sales at Rs 1,904.15 crore, up 36.87% Y-o-Y']",93.10000000000218,1,10,UP,1
2025-04-15,23368.35,23368.35,23207.0,23328.55,388321931.0,34216.17,2025-04-15,"['Steel trap: How Indian metal stocks are caught in the US-China tariff crossfire', 'Tata Steel Q4 PAT seen up 34.6% YoY to Rs. 1,060 cr: PL Capital', 'Hindalco Industries Q4 PAT seen up 61% YoY to Rs. 5,110 cr: PL Capital', 'Stocks to Watch Today: Zydus Lifesciences, Ashoka Buildcon, Nureca, Cyient, Ahluwalia Contracts, Transrail Lighting, Swiggy in focus on 15 April', ""Adani Green shares jump nearly 5% as firm's operational capacity rises 30% YoY in FY25"", 'Broader markets shine as small and midcap indices surge 3% on hopes of tariff reprieve, sustained inflows', 'NMDC Q4 PAT seen up 17.3% YoY to Rs. 1,680 cr: PL Capital', ""Vodafone Idea is a 'high-risk buy', shares can rally 67% to Rs 12: Citi Research"", ""Trump's tariffs remarks boosts auto, ancillary, tyre stocks; SAMIL, Tata Motors, MRF shares rally up to 8%"", ""Ajanta Pharma shares gain after Jefferies initiates coverage with 'Buy' call, sees 11% upside"", 'Zydus Lifesciences shares gain on USFDA approval for Deflazacort tablets', 'Trade Spotlight: How should you trade Valor Estate, Cholamandalam Financial, ITC, Clean Science, Deepak Fertilisers, Gujarat Gas, and others on April 15?', 'IREDA Q4 Results: Net profit surges 49% to Rs 502 crore, revenue up 37%', 'Earnings expectations sway IREDA, ICICI Lombard shares higher by 5%, ICICI Pru up 2%', 'SAIL Q4 PAT may dip 39% YoY to Rs. 620 cr: PL Capital', 'DLF, Anant Raj, other shares surge up to 8% as Nifty Realty leads the broad-based market rally']",-39.79999999999927,0,23,UP,1
2025-04-11,22695.4,22923.9,22695.4,22828.55,402162001.0,33683.6,2025-04-11,"['Buy Sun Pharma; target of Rs 2400: Emkay Global Financial', 'Stocks to Watch Today: TCS, Biocon, GAIL, Greaves Cotton, Sun Pharma, Dishman Carbogen Amcis, Coromandel International in focus on 11 April', 'Buy Tata Steel; target of Rs 180: ICICI Securities', 'Buy Hindustan Aeronautics; target of Rs 5100: Motilal Oswal', 'Buy Cipla; target of Rs 1730: Prabhudas Lilladher', ""Pharma stocks rally on Trump's tariff pause, led by up to 7% surge in Laurus Labs, Granules, Cipla"", 'Trade Spotlight: How should you trade Ambuja Cements, HUDCO, Colgate Palmolive, Apollo Tyres, Bajaj Finserv, United Spirits, and others on April 11?', 'Sensex up 1,600 pts, Nifty above 22,900: Trump tariff relief among key factors behind market rally today', 'Tata Steel shares rise 5% as JPMorgan sees 500 mn euro savings amid transformation of Netherlands ops', ""Investors cheer Trump's tariff pause: These are the top gaining spaces"", 'BHEL share price up 2% on signing MoU with Nuovo Pignone International', ""Bulls tighten grip as Sensex, Nifty surge over 2% on Trump's tariff pause, all sectors in green; Vix down 11%"", 'Vodafone Idea troubles to persist despite 4G gains; Airtel to see modest Q4 growth', 'Dixon, Kaynes Tech, other EMS shares extend gains up to 8% as US-China trade war intensifies', 'Buy Archean Chemical Industries; target of Rs 675: ICICI Securities', 'Small, midcap indices jump up to 3% on US tariff reprieve: Here are the top gainers', 'Tata Steel, JSW, SAIL, other metal stocks rise up to 7% as tariff war fears subside after 90-day pause', 'March SIP inflows steady amid tariff tremors, sending HDFC and ABSL AMC shares higher by up to 5%']",133.14999999999782,1,24,UP,1
2025-04-09,22460.3,22468.7,22353.25,22399.15,383822618.0,28996.55,2025-04-09,"['Trade Spotlight: How should you trade Nestle India, Pidilite Industries, Indus Towers, CreditAccess Grameen, Uno Minda, and others on April 9?', 'Stocks to Watch Today: Senco Gold, Phoenix Mills, Home First Finance, Concord Biotech, Sasken Tech, BPCL, IRB Infrastructure in focus on 9 April', 'Paint stocks rally on cooling crude prices; Asian Paints, Berger Paints, Kansai Nerolac gain up to 2%', 'Experts bullish on these top 9 rate-sensitive stocks after RBI cuts repo rate, inflation forecast', ""FMCG's domestic focus attracts investors as Trump tariffs make markets volatile"", ""TCS, Wipro shares fall up to 4% after Jefferies' IT downgrade citing tariff hit on US growth"", 'Glenmark shares crash 6% after USFDA order discloses 39 drugs recalled from US market']",-61.14999999999782,0,-1,DOWN,0
2025-04-08,22446.75,22697.2,22270.85,22535.85,468250807.0,37226.82,2025-04-08,"['IOC signs MoUs with Odisha govt for Rs 1.19 lakh crore projects', 'Nifty Bank attempts rebound after tariff turmoil and ahead of MPC outcome', 'Stocks to Watch Today: Titan Company, Bharat Electronics, KPI Green Energy, M&M, Brigade Enterprises, Lemon Tree Hotels in focus on 8 April', 'Shriram Finance seeks RBI license to underwrite govt debt', 'OMCs stocks soar as government hikes LPG prices, excise duty on petrol, diesel', 'Trade Spotlight: How should you trade Kotak Mahindra Bank, Bajaj Finance, GMR Airports, Chambal Fertilizers, PNB Housing, and others on April 8?', 'Metal index snaps three-day slump; Adani Enterprises, JSW Steel, others rise up to 6% on China stimulus hopes', 'Sensex soars 1,000 pts, Nifty reclaims 22,500; positive global cues among key factors to fuel market rally', 'Jio Financial shares rise 6% as top Nifty gainer on foray into loans against securities', 'Shriram Finance, Cholamandalam, other BFSI stocks gain up to 6% on hopes of RBI rate cut tomorrow', ""Jay Kotak picks a side in 'investing versus running businesses' debate that father Uday Kotak once ignited"", 'Mid, smallcap indices gain up to 2% in early trading on tariff talk hopes', 'PGEL, Kaynes Tech, other EMS stocks gain up to 8% amid buzz of Apple planning to source more iPhones from India', 'Goldman Sachs initiates coverage on Suven Pharma and Piramal Pharma']",89.09999999999854,1,18,UP,1
2025-04-07,21758.4,22254.0,21743.65,22161.6,647107618.0,49172.14,2025-04-07,"['Trent shares crash 18% on weak Q4 business update, see biggest single-day fall since March 2020', ""HPCL, BPCL, Indian Oil shares rebound up to 6% from day's low as Brent crude tumbles to 4-year low"", 'Trade Spotlight: How should you trade Max Financial, Tata Consumer Products, MCX India, Tata Chemicals, HDFC Bank, and others on April 7?', 'Banking shares drag Nifty Bank lower by 3% as Trump tariffs trigger recession fears', 'Tata Steel tumbles 7%, Metal index down 7% as Trump tariff rattles Dalal Street', 'India VIX surges 65% as global trade war fears rattle stock markets', 'Lifestyle diseases striking younger in India warns Apollo Hospitals new report', ""Japan's MUFG nears deal to acquire Yes Bank's stake from SBI, others: Report"", 'Stocks to Watch Today: Tata Steel, Yes Bank, Godrej Properties, AstraZeneca Pharma, IndusInd Bank, Nykaa, Bajaj Housing Finance in focus on 7 April', 'Tariff tremors dent shares of Kalyan Jewellers despite a 37% revenue growth in March quarter', 'DLF, Godrej Properties, other realty stocks crash up to 8% as Trump tariffs trigger US recession fears']",403.1999999999971,1,-22,DOWN,0
2025-04-04,23190.4,23214.7,22857.45,22904.45,466776198.0,33761.96,2025-04-04,"['Bajaj Finance shares higher after 26% rise in March quarter AUM, 36% jump in fresh loans', 'Black Friday: Sensex crashes over 1,000 pts, Nifty sinks below 22,900; Trump tariffs among key factors to spook markets', ""Korean firm Boditech Med sets up manufacturing unit at Reliance's MET City in Haryana's Jhajjar"", ""Nifty gives up 23,000, Sensex crashes 700 points as Trump's tariff shock hits Dalal Street; broader markets bleed 3%"", 'Stocks to Watch Today: HDFC Bank, Mazagon Dock, DMart, Adani Wilmar, Bajaj Finance, Surya Roshni, Alivus Life, Paras Defence in focus on 4 April', 'Hold Avenue Supermarts; target of Rs 3942: Prabhudas Lilladher', ""DMart shares fall 3% despite positive Q4 business updates: Here's why"", 'UBS gets constructive on top PSU lenders, upgrades SBI to \x91Neutral\x92, BoB a \x91Buy\x92', 'Vedanta, Tata Steel, other metal stocks crash up to 9% as Trump tariffs stoke demand fears', ""DMart owner Avenue Supermarts' business update shows fastest store addition in any quarter"", 'Tata Motors, Bharat Forge, other auto shares extend tariff-led selloff to crash up to 8%', 'Trade Spotlight: How should you trade Bandhan Bank, Jubilant Foodworks, Torrent Power, SBI, Kirloskar Oil Engines, and others on April 4?', 'Angel One, MCX, other capital market stocks plunge up to 5% as Trump tariffs reignite recession fears']",-285.9500000000007,0,-16,DOWN,0
2025-04-03,23150.3,23306.5,23145.8,23250.1,283196379.0,23501.33,2025-04-03,"[""Gems & Jewellery: Can the sector keep its sparkle amid Trump's tariff blitz"", 'Stocks to Watch Today: Maruti Suzuki, PNB, Dabur, Bharat Electronics, Kirloskar Oil, Interarch Building, VVIP Infratech, Mahindra Lifespace in focus on 3 April', ""Vedanta, JSW Steel, other metal stocks slide as Trump's tariffs reignite trade war fears"", 'Buy Hindalco Industries; target of Rs 773: Prabhudas Lilladher', ""Sensex jumps nearly 700 pts from day's low; relatively lower US tariffs, 3 other reasons behind sharp recovery"", 'Buy Hindalco Industries; target of Rs 800: Anand Rathi', ""Trump's move to exempt pharma from tariffs brings cheer to industry"", 'Sensex falls 400 pts, Nifty at 23,200: Trump\x92s reciprocal tariffs among key factors to rattle markets', 'Trump tariffs set to wipe out nearly $2 trillion from US stocks', ""Indus Towers poised for gains as govt eases Voda Idea's financial burden"", 'As Trump slaps 25% tariffs on auto parts, industry urges mitigation measures', ""Navin Fluorine, SRF other chemical stocks drop up to 6% on Trump's reciprocal tariff announcements"", ""Tata Motors, ancillary shares fall up to 2% as Trump's tariff on car imports kick in""]",99.79999999999927,1,-16,DOWN,0
2025-04-02,23192.6,23350.0,23158.45,23332.35,340970371.0,24334.3,2025-04-02,"['Buy Hindustan Aeronautics; target of Rs 5000: ICICI Securities', 'Trade Spotlight: How should you trade ICICI Prudential Life, Bikaji Foods, Karur Vysya Bank, Godawari Power, Trent, and others on April 2?', 'Sensex jumps 600 pts, Nifty above 23,300: Positive global cues ahead of US tariffs among key factors behind market rally', 'Stocks to Watch Today: CSB Bank, Siemens, Zaggle Prepaid, Coal India, Hyundai Motor, NMDC, MOIL, Hindustan Copper in focus on 2 April', 'Reliance to form joint venture with BLAST for esports business in India', 'Retailers V-Mart, Baazar Style, V2 Retail surge up on strong business updates', 'Buy Power Grid Corporation of India; target of Rs 350: Sharekhan', 'Buy Hindalco Industries; target of Rs 765: ICICI Securities', 'Buy Hindalco; target of Rs 770: Motilal Oswal', 'Buy HDFC Life Insurance Co; target of Rs 870: Ventura Securities', 'Nestle, Hindustan Unilever shares decline up to 2% after BofA downgrades FMCG stocks', ""Vi not out of the woods, bankers say govt's increased stake not enough to lend to telco: Report"", ""Vodafone Idea searches for new CEO as Akshaya Moondra's term nears end"", 'Kalyan Jewellers shares surge 13%, extend gain to 26% in 3 weeks', 'Godrej Properties shares surge 5% after firm sells Rs 2,000-crore homes at launch of luxury project in Noida']",139.75,1,11,UP,1
2025-04-01,23341.1,23565.15,23136.4,23165.7,375118343.0,30680.7,2025-04-01,"['Indian companies gear up for nuclear expansion amid policy shift: Report', 'Gas stocks in focus as govt hikes APM gas prices by 4%', 'Nifty Pharma extends losses for a fifth session as generics players fret over tariff deadline', 'Coal India hikes prices for coking and non-coking coal from April 16', ""Trent shares rise 5% in weak market as the retail giant's store count crosses 1,000"", 'Hold TATA Elxsi; target of Rs 4900: Choice Equity Broking', 'Stocks to Watch Today: ITC, Hindustan Aeronautics, NCC, EIL, HBL Engineering, Power Mech Projects, Prestige Estates, Desco Infratech in focus on 1 April', 'Buy UltraTech Cement; target of Rs 13,000: Sharekhan', 'March vehicle sales: M&M reports 23% growth YoY, Eicher Motors 34%', 'Trade Spotlight: How should you trade Fortis Healthcare, Sumitomo Chemical, Ramco Cements, HDFC Life, Hindustan Zinc, and others on April 1?', 'India\x92s generic pharma players may be spared from major tariff blow: Jefferies', 'Sensex crashes 1,500 pts, Nifty below 23,150: US tariff worries among key factors weighing on markets']",-175.39999999999782,0,-3,DOWN,0
2025-03-28,23600.4,23649.2,23450.2,23519.35,387455531.0,29156.37,2025-03-28,"['Jefferies hikes stake in Reliance Industries, Zomato, says Chris Wood in latest Greed & Fear note', 'ONGC, BPCL shares rise up to 5% as Saudi Aramco eyes investment in Indian refineries', 'Stocks to Watch Today: Infosys, Zaggle Prepaid, Bharat Electronics, Force Motors, Jindal Steel, Zensar Tech, Active Infrastructures, HCLTech in focus on 28 March', 'BHEL gets LoI for Rs 11,800-crore order from Chhattisgarh power co, shares rise 3%', 'Broader markets gain more than benchmark indices, as foreign flows support monthly gains for March', 'Jio Financial Services, Zomato close mixed on Nifty 50 debut; Britannia Industries, BPCL stocks jump post exit', ""CLSA maintains 'high-conviction outperform' on NHPC shares, sees 44% upside"", 'Godrej Properties shares jump 2% after firm sells Rs 1,000-crore luxury flats in Gurugram']",-81.05000000000291,0,7,UP,1
2025-03-27,23433.95,23646.45,23412.2,23591.95,510302142.0,46481.84,2025-03-27,"[""Macquarie initiates coverage on Trent with 'outperform' tag, believes stock can rally 32%"", 'Trade Spotlight: How should you trade Mazagon Dock, Coforge, Hindustan Aeronautics, Bajaj Finserv, Lupin, and others on March 27?', ""Lupin, Zydus Life, other shares plunge up to 7%, as fears of Trump's pharma tariffs spook investors"", 'Trade Spotlight: How should you trade Mazagon Dock, United Spirits, Adani Energy Solutions, Paytm, Glenmark Pharma, and others on March 28?', 'Buy Kotak Mahindra Bank; target of Rs 2500: Sharekhan', 'Jio Financial invests Rs 1,000 crore in arm Jio Finance via equity', 'Adani Energy shares jump 7% on deal with REC arm to buy out Mahan Transmission', 'BoB, PNB lead as PSU banking shares rise to support benchmarks, a day after key bill sails through', 'CLSA sees Samvardhana Motherson shares doubling within three years, $20 billion revenue by 2029', 'Stocks to Watch Today: Wipro, BSE, JB Chemicals, Max Financial, Bharat Forge, Sterlite Tech, NBCC, Torrent Power, UPL in focus on 27 March', 'Max Financial Services Block Deal: 1.5% equity changes hands for Rs 569 crore', 'Buy HDFC AMC; target of Rs 4800: Motilal Oswal']",158.0,1,10,UP,1
2025-03-26,23700.95,23736.5,23451.7,23486.85,278590831.0,26877.28,2025-03-26,"['Trent shares surge 3% after Westside expands store count to 244 with 3 new additions', 'Trade Spotlight: How should you trade Axis Bank, Power Mech Projects, UltraTech Cement, Jupiter Life, Jubilant Foodworks, and others on March 26?', 'Stocks to Watch Today: NCC, Welspun Enterprises, Waaree Renewable, Prism Johnson, SIS, Ashoka Buildcon, Advait Energy Transitions in focus on 26 March', ""Copper stocks rise amid Trump's tariff threat on copper imports"", 'Sensex drops over 800 pts, Nifty below 23,500: Lack of US tariff clarity among key factors behind market decline', 'Maruti Suzuki shares under selling pressure on draft tax assessment order of close to Rs 3,000 crore', 'Buy Marico; target of Rs 775: Motilal Oswal', 'KKR launches block deal worth around $200 mn in JB Chemicals with upsize option', ""IREDA shares in focus after firm's board approves Rs 30,800 crore borrowing plan for FY26"", ""Goldman Sachs' top 10 India picks: HDFC Bank, Titan, M&M among key bets""]",-214.10000000000218,0,0,NEUTRAL,0
2025-03-25,23751.5,23869.6,23601.4,23668.65,338216746.0,35415.03,2025-03-25,"['Trade Spotlight: How should you trade HCL Tech, Shree Cement, Asian Paints, Nykaa, Bharti Airtel, Samvardhana Motherson, and others on March 25?', ""UBS upgrades UltraTech Cement, Dalmia Bharat, Ambuja Cement to 'buy', shares jump up to 3%"", 'Selloff in leading shares of drugmakers after Trump hints at tariffs on pharma imports', 'Stocks to Watch Today: HCL Tech, EaseMyTrip, SG Finserve, GNFC, SEAMEC, Garden Reach Shipbuilders, RVNL, Restaurant Brands Asia in focus on 25 March', 'Buy Hindalco Industries; target of Rs 804: Prabhudas Lilladher', 'Current paints slowdown part of a cycle, slow sales more pronounced in cities: Birla Opus', 'Buy Jindal Stainless; target of Rs 760: ICICI Securities', 'RNVL shares gain on emerging lowest bidder for a contract of Rs 115 crore', 'Punjab & Sind Bank shares rally 6% after lender launches QIP at floor price of Rs 40.38/share', 'IREDA share price extends gains for the 3rd straight day ahead of board meet to consider borrowing plan for FY 2025-26', 'Buy Suven Pharmaceuticals; target of Rs 1400: ICICI Securities', 'Small, midcap indices down up to 2%, snap six day-rally as gains fizzles amid tariff overhang']",-82.84999999999854,0,8,UP,1
2025-03-24,23515.4,23708.75,23433.5,23658.35,311900413.0,28871.35,2025-03-24,"['Nifty, Sensex exit technical correction territory, extend gains for sixth session; banking stocks lead rally', ""Macquarie reaffirms 'outperform' rating on NTPC, says shares can rally 35% further"", ""'Identify them young': Sanjiv Bajaj explains Bajaj Finserv's succession strategy"", 'Sensex soars 1,000 pts, Nifty erases all losses for 2025; surging bank shares, other key factors behind market rally', ""Sensex, Nifty extend gaining streak to 6th day: Does this rally have more legs? Here's what experts say"", 'Trade Spotlight: How should you trade Mazagon Dock, Waaree Energies, Glenmark Pharma, Quess Corp, HPCL, and others on March 24?', 'FMCG firms to see weak volume, value growth on muted urban demand, GCPL top bet: Kotak Institutional Equities', 'Market cap jumps Rs 35 lakh crore in March: Here are top-performing sectors after a five-month lull', 'Bank Nifty rises for 8th day: Index surges 2%; Kotak Mahindra Bank shares hit three-year high', 'Small, midcap indices extend gains for a sixth session on continued buying', 'Accumulate Jindal Stainless; target of Rs 715: Prabhudas Lilladher', 'Welspun Corp shares hit 52-week high on selling stake in subsidiary', 'Buy Indian Renewable Energy Development Agency; target of Rs 196: Geojit Financial Services', 'Accumulate PG Electroplast; target of Rs 1084: Geojit Financial Services', 'Why defence stocks are firing \x96 three catalysts and a warning shot', 'Buy PCBL Chemical; target of Rs 543: Prabhudas Lilladher', 'IPO lock-in expiry: Shares worth $350 million from 8 companies freed up for trade', 'AMCs likely to see decline in equity AUMs on QoQ basis amid market correction', 'Capital market stocks gain as Nifty turns positive for 2025; Angel One, HDFC AMC up over 3%']",142.9499999999971,1,24,UP,1
2025-03-21,23168.25,23402.7,23132.8,23350.4,540966316.0,51005.67,2025-03-21,"['Stocks to Watch Today: Manappuram Finance, Hero MotoCorp, Hindalco, Glenmark, TCS, Lloyds Metals, CDSL, RailTel in focus on 21 March', 'Trade Spotlight: How should you trade Hindustan Aeronautics, InterGlobe Aviation, Welspun Corp, SBI Card, Gujarat Fluoro, JSW Steel, and others on March 21?', ""TVS, Bajaj, others two-wheeler shares rise up to 4% on CLSA's bullish note showing demand for premium bikes"", 'Hindalco shares in focus as KM Birla announces Rs 45,000 crore expansion for copper, aluminum segments', 'BHEL shares jump 3% after firm wins Rs 7,500-crore order from Gujarat State Electricity Corporation', 'Railtel shares jump 8% on bagging order from Ministry Of Defence for over Rs 16 crore', ""Nirmal Bang's Rahul Arora bets HAL, BEML, Solar Industries are long-term defence plays"", 'RVNL shares jump 3% after bagging Rs 554 crore NHAI order in Andhra Pradesh', ""BDL, HAL, other defence stocks surge up to 6% on DAC's nod for Rs 54,000 crore acquisition plans"", 'Accumulate Voltas; target of Rs 1593: Prabhudas Lilladher', 'Nifty Midcap extends rally for a fifth session to gain 8% this week, strength likely to continue', 'Buy Voltas; target of Rs 1710: Motilal Oswal', 'Buy Vinati Organics; target of Rs 2000: Sharekhan']",182.15000000000146,1,19,UP,1
2025-03-20,23036.6,23216.7,22973.95,23190.65,313729818.0,27573.99,2025-03-20,"['Markets at 5-week high: Sensex soars 900 pts, Nifty above 23,200 on Fed boost; all sectors in green', 'Bajaj Finserv elevates Rajeev Jain as vice chairman, appoints Anup Kumar Saha as MD', 'Senco Gold shares hit 5% upper circuit for third consecutive day as promoter raises stake', 'Indian hospitals focus on other geographies as Bangladesh patient numbers decline', 'Stocks to Watch Today: Wipro, NHPC, Dhani Services, Dishman Carbogen Amcis, Dhanlaxmi Bank in focus on 20 March', 'Hero MotoCorp to invest Rs 525 crore in Euler Motors, forays into e-three wheeler space', 'Analysts mixed on steel duties; EBITDA/tonne may rise, but price hike window limited', 'IREDA launches first-ever perpetual bonds to raise Rs 1,247 crore', 'Anupam Rasayan Consolidated December 2024 Net Sales at Rs 390.14 crore, up 32.02% Y-o-Y', 'Hindustan Copper shares jump 6% as copper prices hit record high over Trump tariff fears', 'Paras Defence shares rise 10% on winning DRDO order worth Rs 142 crore', ""Chartist Talks: Nifty may hold 21,900-22,000; bullish on Prestige Estates and Paytm, says Gemstone's Milan Vaishnav"", 'GRSE, HAL, Bharat Dynamics extend gains as Germany boosts defence spending', 'Lux Industries Consolidated December 2024 Net Sales at Rs 552.63 crore, up 23.67% Y-o-Y']",154.0500000000029,1,16,UP,1
2025-03-19,22874.95,22940.7,22807.95,22907.6,323992121.0,26994.95,2025-03-19,"['Stocks to Watch Today: Bajaj Auto, LIC, Dr Reddys Labs Zydus Lifesciences, GR Infraprojects, Super Iron Foundry, Uflex in focus on 19 March', 'Bajaj Finance\x92s Rajeev Jain likely to be elevated to Bajaj Finserv\x92s board', 'Buy Bajaj Finserv; target of Rs 2350: Sharekhan', 'Adani integrates healthcare foray with airport expansion strategy', 'Tata Steel, JSW Steel, SAIL shares surge up to 4% after DGTR recommends 12% safeguard duty on select steel products', 'IndusInd, SBI, others rise up to 4% as momentum takes Bank Nifty higher for a fifth session', 'Buy Grasim Industries; target of Rs 3093: ICICI Securities', 'Buy Bajaj Holdings and Investment; target of Rs 14,346: Sharekhan', 'Neutral Pidilite Industries; target of Rs 2950: Motilal Oswal', 'Zydus Lifesciences share price gain on final USFDA approval for cancer drug', 'Accumulate Pidilite Industries; target of Rs 3318: Prabhudas Lilladher', 'Voltas, Havells India shares rise up to 4% as govt exempts key AC, refrigerator components from BIS certification', 'Nifty Midcap index soars 2.6% on bargain buying to post biggest intraday rise since June 2024']",32.64999999999782,1,27,UP,1
2025-03-18,22662.25,22857.8,22599.2,22834.3,272578844.0,26387.47,2025-03-18,"['Adani Airports proposes introduction of UDF for domestic flights at Mumbai International Airport', ""Metals add shine to Nifty's rise to month high as Hindalco, steel stocks surge"", 'Trade Spotlight: How should you trade Coal India, Kotak Mahindra Bank, Varun Beverages, Shriram Finance, JSW Steel, and others on March 18?', 'ICICI Bank, HDFC Bank help Nifty Bank surge past 49,000 on a day of broad-based rally', 'Hindalco Consolidated December 2024 Net Sales at Rs 58,390.00 crore, up 10.57% Y-o-Y', 'Stocks to Watch Today: IndusInd Bank, HUL, Bank of Maharashtra, IRCON, Star Cement, Raymond Lifestyle, Shilpa Medicare, NBCC in focus on 18 March', 'SJVN Consolidated December 2024 Net Sales at Rs 670.99 crore, up 23.5% Y-o-Y', 'Small and midcap shares extend rally as bulls scout for value in broader market', 'Renaissance Consolidated December 2024 Net Sales at Rs 710.15 crore, up 8.34% Y-o-Y', ""PB Fintech shares soar 7% after Kotak's ratings upgrade, upbeat growth outlook""]",172.04999999999927,1,13,UP,1
2025-03-17,22353.15,22577.0,22353.15,22508.75,251102239.0,24122.27,2025-03-17,"['Tarsons Product Consolidated December 2024 Net Sales at Rs 95.68 crore, up 54.84% Y-o-Y', ""Metals surge up to 3% to snap two-day fall: What's behind the shine amid looming Trump tariffs?"", 'Shriram Finance Consolidated December 2024 Net Sales at Rs 10,698.31 crore, up 15.03% Y-o-Y', 'Adani Total Gas Consolidated December 2024 Net Sales at Rs 1,294.46 crore, up 11.96% Y-o-Y', 'Chartist Talks: Market still not out of woods, but these 2 stocks can see strong momentum, says Ashish Kyal', 'Trade Spotlight: How should you trade Gujarat Fluorochemicals, Bank of Baroda, United Spirits. EIH, Coromandel International, and others on March 17?', 'Stocks to Watch Today: IndusInd Bank, Brigade, Maharashtra Seamless, GR Infraprojects, Shilpa Medicare, Alkem Labs, KEC International in focus on 17 March', 'TITAGARH Consolidated December 2024 Net Sales at Rs 902.18 crore, down 5.5% Y-o-Y', 'IPO lock-in expiry: Mobikwik, Sai Life Sciences shares crash up to 15% as shares freed up for trade', 'PC Jeweller board approves allotment of 51.7 crore shares  to 14 banks for settling Rs 1510 crore debt']",155.59999999999854,1,5,UP,1
2025-03-13,22541.5,22558.05,22377.35,22397.2,287535243.0,22855.58,2025-03-13,"['Trade Spotlight: How should you trade Crompton Greaves Consumer, Tata Motors, Kotak Mahindra Bank, SRF, ITD Cementation, and others on March 13?', ""Adani Green Energy stocks gain 4% as Macquarie initiates coverage with 'outperform' rating"", ""Leo Puri resigns as independent director of HUL, cites 'overboarding'"", 'Stocks to Watch Today: Infosys, BEML, Jubilant Pharmova, Bharat Electronics, NACL Industries, Yatra Online, Swelect Energy Systems in focus on 13 March', ""Brokerages caution against subpar synergies in Zydus Life's acquisition of Amplitude Surgical"", 'PB Fintech shares extend losses to nearly 10% in 2 days as Rs 696 crore healthcare investment fails to cheer investors', 'Angel One board approves second interim dividend, sets March 20 as record date']",-144.29999999999927,0,10,UP,1
2025-03-12,22536.35,22577.4,22329.55,22470.5,369736725.0,33406.41,2025-03-12,"['Stocks to Watch Today: TCS, PB Fintech, Bharti Airtel, Rail Vikas Nigam, Kaynes Technology, Godrej Agrovet in focus on 12 March', 'IndusInd Bank, HDFC Bank shares gain up to 5%, Bank Nifty trades in green after 2 days', 'Trade Spotlight: How should you trade Phoenix Mills, Jubilant Foodworks, Oberoi Realty, Chennai Petroleum Corporation, NCC, and others on March 12?', 'Prices of diabetes drug empagliflozin falls by 80-90% as generics enter market', 'PB Fintech shares drop over 5% as Rs 696 crore investment plan in PB Healthcare Services fails to excite investors', 'HDFC AMC, CAMS, other capital market stocks fall up to 3% as equity MF inflows decline 26% in February']",-65.84999999999854,0,-2,DOWN,0
2025-03-11,22345.95,22522.1,22314.7,22497.9,347924102.0,29208.22,2025-03-11,"['Stocks to Watch Today: IndusInd Bank, Hitachi Energy, NTPC, Syngene, MSTC, HEG, Anupam Rasayan, Nectar Life, Indoco Remedies in focus on 11 March', 'Trade Spotlight: How should you trade Emami, Sarda Energy, SRF, Nestle India, InterGlobe Aviation, JSW Steel, and others on March 11?', '$125 billion m-cap gone in a day! Why Elon Musk-led Tesla shares crashed 15%', ""M&M, Ashok Leyland, MGL shares tumble up to 3% on Maharashtra's motor tax hike"", 'Buy Eicher Motors; target of Rs 5665: Geojit Financial Services', 'Rail Vikas Consolidated December 2024 Net Sales at Rs 4,567.38 crore, down 2.6% Y-o-Y', ""Kotak Institutional fears NMDC's earnings may peak in FY25, turns cautious on mining sector"", 'Godrej Agrovet to acquire remaining stake in Creamline Dairy Products for Rs 930 crore', 'Zydus Life board greenlights acquisition of 85.6% stake in Amplitude Surgical for \x80256.8 million']",151.95000000000073,1,3,UP,1
2025-03-10,22521.85,22676.75,22429.05,22460.3,293855491.0,22330.86,2025-03-10,"[""Metal shares surge to extend gains for a fifth session on Jefferies' bullish call"", ""Sensex jumps 550 pts from day's low, Nifty above 22,650: Decline in oil prices among key factors behind market rally"", 'Analysts Call Tracker: Capacity expansion, reduced Apollo 24/7 losses turns Street bullish on Apollo Hospitals', 'Buy Oil and Natural Gas Corporation; target of Rs 261: Geojit Financial Services', 'Maharashtra hikes tax on CNG vehicles by 1%, additional 6% tax on select EVs; shares of car makers, MGL fall', 'Buy NTPC; target of Rs 374: Sharekhan', 'Stocks to Watch Today: Lupin, Tata Power, Nazara Tech, Shilpa Medicare, GMR Airports, IRB Infra, Railtel, Shyam Metalics in focus on 10 March', 'MCA probe clears Hero MotoCorp of governance, fund diversion allegations', 'Deepak Nitrite Consolidated December 2024 Net Sales at Rs 1,903.40 crore, down 5.27% Y-o-Y', 'Balaji Amines Consolidated December 2024 Net Sales at Rs 312.73 crore, down 18.42% Y-o-Y', ""Bengaluru's Electronics City Metro to be operational by May 2025"", ""Smallcap index falls nearly 2%, snaps 4-day gaining streak; midcap index declines 2% from day's high"", ""IREDA shares drop over 1% as RBI rejects its request for equity investment in Nepal's 900 MW Upper Karnali Hydropower Project"", 'RailTel Corporation shares up 3% on order win worth Rs 28.29 crore; board meet on March 12', ""Anupam Rasayan signs 10-year LoI worth Rs 922 cr with a Korean MNC for 'high-performance niche chemical'"", 'Capital market shares extend decline amid broader market downturn; BSE, HDFC AMC, 360 One Wam down up to 8%']",-61.54999999999927,0,13,UP,1
2025-03-07,22508.65,22633.8,22464.75,22552.5,289765795.0,21446.95,2025-03-07,"['Trade Spotlight: How should you trade Global Health, NTPC, Radico Khaitan, Jindal Steel, CG Power, NMDC, and others on March 7?', 'Stocks to Watch Today: TCS, Quess Corp, Power Grid Corporation, Eris Lifesciences, Omaxe, Kalpataru Projects, Biocon in focus on 7 March', 'Sensex snaps 2-day winning streak, Nifty holds 22,500 after volatile session amid US tariff concerns; IT, realty drag', 'RVNL shares up 2.5% on order win worth Rs 156.35 crore from South Western Railway']",43.849999999998545,1,-3,DOWN,0
2025-03-06,22476.35,22556.45,22245.85,22544.7,372083680.0,30550.28,2025-03-06,"['Buy Adani Ports and SEZ; target of Rs 1400: Motilal Oswal', ""Sensex soars 750 pts from day's low, Nifty tops 22,500; China stimulus hopes among key factors behind market rally"", 'Stocks to Watch Today: TCS, Zydus Lifesciences, RPP Infra Projects, LIC Housing, Galaxy Surfactants, Route Mobile in focus on 6 March', ""Coal India, Amber Enterprises, Varun Beverages shares jump up to 9% on higher sales hope after IMD's heatwave warnings"", 'Hindalco, Tata Steel, other metal stocks rise up to 7% on dollar decline, China stimulus hopes', 'BofA sees Nifty touching 25,000 by December, expects negative returns for small, midcaps in 2025', 'Select small and midcaps jump up to 15% as broader markets extend recovery: Here are the movers', 'Railtel secures Rs 262 crore project in Odisha, shares up 3%', 'Zydus Lifesciences shares rise 3% on USFDA approval for Dasatinib tablets']",68.35000000000218,1,14,UP,1
2025-03-05,22073.05,22394.9,22067.8,22337.3,305942691.0,26371.61,2025-03-05,"['All Adani Group shares rise; Adani Enterprises, Adani Ports up 4% each', 'Buy Trent; target of Rs 5800: Geojit Financial Services', 'Stocks to Watch Today: Biocon, Coforge, GE Vernova, Power Grid, JSW Energy, Welspun Specialty, Rail Vikas Nigam in focus on 5 March', 'Trade Spotlight: How should you trade Hindalco, InterGlobe Aviation, Kotak Mahindra Bank, PFC, Crompton Greaves Consumer, and others on March 6?', 'Buy HDFC Life Insurance Company; target of Rs 870: Sharekhan', 'Top gainers and losers today: Stocks that moved the most on March 5', ""Deepak Nitrite shares rally after Kotak Institutional's upgrade to 'Add', target price raised"", 'RVNL shares rise 5% on winning project worth Rs 729.8 crore from HPSEBL', 'Trade Spotlight: How should you trade Voltas, Force Motors, Cummins India, Bharat Dynamics, Blue Star, Fortis Healthcare, and others on March 5?', 'Tata Steel, SAIL, other steel stocks surge up to 4% after China announces plans to cut steel output', 'Former Google Pay VP Ambarish Kenghe joins Angel One as Group CEO, shares higher by 4%']",264.25,1,12,UP,1
2025-03-04,21974.45,22105.05,21964.6,22082.65,253260641.0,22979.56,2025-03-04,"['Buy Coal India; target of Rs 440: ICICI Securities', 'Titan shares slip as Macquarie lowers price target, cuts estimates', 'Buy UltraTech Cement; target of Rs 13,000: Sharekhan', 'Demand for paints sees uptick, competition heats up as Birla Opus, Asian Paints double-down on growth: JPMorgan', 'Pharma, IT stocks tumble up to 4% as Trump tariffs take effect', 'Jio Financial Services to buy 7.9 crore shares of Jio Payments Bank from SBI for Rs 104 crore, shares up 3%', ""Samvardhana Motherson, Sona BLW shares slip as Trump's tariffs come into force"", 'Glenmark Consolidated December 2024 Net Sales at Rs 3,387.55 crore, up 35.14% Y-o-Y', ""Samvardhana Motherson becomes a Tier-I supplier for Airbus' commercial aircraft after latest contract"", 'MOTHERSON Consolidated December 2024 Net Sales at Rs 27,665.92 crore, up 7.66% Y-o-Y', 'Suven Pharma Consolidated December 2024 Net Sales at Rs 307.15 crore, up 39.73% Y-o-Y', 'Jupiter Wagons shares rise 5% after mobility arm launches new factory for LCVs', 'RBL Bank stock tumbles 2% as GST officials conduct search operations', 'Stocks to Watch Today: ASK Automotive, RBL Bank, Godrej Properties, IEX, Uno Minda, Intellect Design in focus on 4 March', 'Info Edge-backed NoPaperForms hires bankers for Rs 500-crore IPO']",108.20000000000073,1,4,UP,1
2025-03-03,22194.55,22261.55,22004.7,22119.3,282399735.0,25942.05,2025-03-03,"['Sensex, Nifty close flat as tariff woes keep markets on edge; broader indices mixed', 'Trade Spotlight: How should you trade HDFC Bank, Coal India, Granules, BSE, Ipca Labs, UltraTech Cement, and others on March 3?', 'Sensex, Nifty fall 0.5% each; 12 of 13 sectoral indices in the red, broader markets underperform', 'Stocks to Watch Today: Tata Motors, Paytm, TVS Motor, NLC India, Piramal Enterprises, International Gemmological Institute, M&M in focus on 3 March', 'Coal India shares burn 4% on weak February business update', 'Bajaj Auto top loser in BSE Auto index after hitting 52-week low as February sales skid, knocking off Bajaj Finserv shares', 'Trade Spotlight: How should you trade Larsen & Toubro, Narayana Hrudayalaya, JSW Energy, Bajaj Finance, PFC, and others on March 4?', ""Brokerages maintain Buy on Polycab India, KEI Industries but lower targets after Ultratech's C&W foray"", 'TVS Motors, M&M, Ashok Leyland, Eicher Motors shares rev up to 4% on healthy auto sales', 'Adani Green raises  $1.06 billion to refinance renewable facility in Rajasthan', 'Chartist Talks: These 2 stocks likely to outperform benchmark index in March, says Rahul Ghose of Hedged', 'Private banks more successful than PSU banks in attracting deposits this fiscal', ""Summer surge: Blue Star, Voltas, other AC stocks rise up to 7% on higher sales hope after IMD's heatwave warning"", 'Stocks of IREDA, Tata Tech, 4 other F&O entrants extend losses for 2nd day, fall up to 7%', 'RailTel Corporation wins orders worth Rs 63.55 crore; share price trade flat', 'SAIL Consolidated December 2024 Net Sales at Rs 24,489.91 crore, up 4.89% Y-o-Y', 'Angel One, BSE, other capital market stocks fall up to 10%, extend losses for 6th session', 'Dollar Ind Consolidated December 2024 Net Sales at Rs 380.73 crore, up 14.83% Y-o-Y', 'Pearl Global In Consolidated December 2024 Net Sales at Rs 1,022.53 crore, up 45.25% Y-o-Y']",-75.25,0,-5,DOWN,0
2025-02-28,22433.4,22450.35,22104.85,22124.7,551285287.0,52745.2,2025-02-28,"['Stocks to Watch Today: HCL Tech, Sanofi India, KSB, PB Fintech, Transrail Lighting, Tata Power, Granules India, Kernex in focus on 28 February', ""Coal India's Rs 300/tonne levy across Northern Coalfields mines is a positive surprise, say brokerages"", 'Oil and gas shares under pressure for a fifth straight session amid selloff and tariff jitters', 'Accumulate Adani Ports and Special Economic Zone; target of Rs 1340: Asit C Mehta', 'Grasim Consolidated December 2024 Net Sales at Rs 34,792.85 crore, up 8.85% Y-o-Y', 'Sensex plunges 1,400 pts, Nifty ends below 22,150 on fresh tariff concerns; markets lose Rs 8.8 lakh crore in m-cap', 'Lupin Consolidated December 2024 Net Sales at Rs 5,767.71 crore, up 10.97% Y-o-Y', 'Trade Spotlight: How should you trade SRF, Berger Paints, Narayana Hrudayalaya, SBI Card, Bajaj Finance, and others on February 28?', 'Meera Industrie Consolidated December 2024 Net Sales at Rs 11.64 crore, up 53.08% Y-o-Y']",-308.7000000000007,0,-2,DOWN,0
2025-02-27,22568.95,22613.3,22508.4,22545.05,289230479.0,29775.64,2025-02-27,"['Stocks to Watch Today: KPI Green, Tata Power, Adani Green, Airtel, Waaree Energies, UltraTech Cement, Ceigall India, Mastek in focus on 27 February', 'Trade Spotlight: How should you trade Bharti Airtel, Bajaj Finance, Chambal Fertilisers, Ashok Leyland, Nestle India, and others on February 27?', ""'Dene wala jab bhi deta...': CLSA is all praises for RBI's recent liquidity relief for lenders"", 'RBI closely monitoring capital position of small finance banks, few may be forced to shore up buffer', 'Buy HDFC Asset Management Company; target of Rs 4450: Prabhudas Lilladher', 'Buy AU Small Finance Bank; target of Rs 725: ICICI Securities']",-23.900000000001455,0,1,UP,1
2025-02-25,22516.45,22625.3,22513.9,22547.55,250279519.0,24917.83,2025-02-25,"['Stocks to Watch Today: Biocon, Texmaco Rail, NTPC Green Energy, UPL, SpiceJet in focus on 25 February', 'Nifty to gain just 2% by FY26 to hit 22,850? This brokerage thinks so', 'Hindalco, Nalco, Vedanta other metal stocks fall for 2nd day after 5-session rise; what should investors do?', ""ITC, HUL, other FMCG stocks rise as defensives gain traction; here's what brokerages say"", 'Nestle India considering price hikes to counter commodity inflation: MD Suresh Narayanan', ""Gland Pharma shares rise most in 16 weeks, with US FDA's pre-approval inspection at its JNPC facility""]",31.099999999998545,1,7,UP,1
2025-02-24,22609.35,22668.05,22518.8,22553.35,214317552.0,20772.95,2025-02-24,"['Trade Spotlight: How should you trade Cummins India, NTPC, Kotak Mahindra Bank, Avanti Feeds, Berger Paints, and others on February 25?', 'Stocks to Watch Today: Zomato, Jio Financial, Lupin, RVNL, Ujjivan SFB, Granules India, Vedanta, Paisalo Digital in focus on 24 February', 'Sensex, Nifty hit eight-month low on US growth concerns; banking, IT stocks take a hit', ""Nifty Auto recovers 1% from day's low as concerns over Tesla's India entry ease"", 'CLSA says Q3 earnings stronger-than-expected, despite consensus doubts', 'TCS, HCL Tech, M&M see heavy trading volumes amid market downturn', 'Sensex down nearly 700 pts, Nifty below 22,650; bank, IT stocks drag; mid-, small-cap indices fall over 1%', 'Sensex drops 850 pts, Nifty below 22,600, hits 8-month low on US growth concerns; Nifty IT sinks nearly 3%', 'Trade Spotlight: How should you trade NTPC, Hindalco, Camlin Fine Sciences, NMDC, Shriram Finance, Tata Steel, and others on February 24?', 'Nifty Bank drops 1%, extends losses for 3rd day as IndusInd, HDFC Bank shares lead decline', 'Buy Grasim Industries; target of Rs 2800: Sharekhan', 'Buy Solar Industries; target of Rs 13,720: ICICI Securities', 'Buy Gujarat Fluorochemicals; target of Rs 4160: ICICI Securities', 'RVNL emerges lowest bidder for project worth Rs 156.35cr; share price falls 2%', ""US Congresswoman cites 'supply chain disturbances' to move PILLS Act for production of generic medicines"", 'Glenmark Pharma shares rise over 3% on settlement of anti-trust and consumer protection lawsuits', 'India likely to see $1.4-bn inflows as 14 stocks, including IndusInd Bank, BSE, set to join FTSE index', 'Nifty Metal falls 1.6% after 5 straight sessions of rise; National Aluminium, SAIL, Vedanta among top losers', ""Defence PSUs outperformed private peers in Q3, says Choice Broking; here's a list of stocks with 'BUY' rating"", 'More than half of top 500 stocks saw over 20 percent fall in m-cap since September', 'Railtel Corporation shares gain on order win worth Rs 288 crore from East Central Railway', 'BSE, Angel One, other capital market stocks tumble up to 3% as bears reign over benchmarks']",-56.0,0,-20,DOWN,0
2025-02-21,22857.2,22921.0,22720.3,22795.9,242753984.0,21994.37,2025-02-21,"['Jefferies sees hospital stocks as pockets of strong earnings visibility in uncertain market', 'Bajaj Auto to invest Rs 1,364 crore in Netherlands-based arm', 'BHEL shares fall for a third day on concerns over arbitration impact', 'Aluminium players Hindalco, NALCO, Vedanta surge 7-10% in five days amid rise in metal prices', 'Stocks to Watch Today: Cipla, Delta Corp, Kotak Bank, JM Financial, Berger Paints, Amara Raja Energy in focus on 21 February', 'NHPC shares rise for 3rd straight session, up over 10%', 'Bank Nifty falls 1% as all constituents trade in red; Kotak, ICICI Bank down up to 1.5%', 'Alkem Labs sees Rs 300 crore worth equity change hands in large deal', 'Tata Steel, SAIL, NMDC shares gain on buzz of safeguard duty on steel imports, Nifty Metal shines for 5th day']",-61.29999999999927,0,0,NEUTRAL,0
2025-02-20,22821.1,22923.85,22812.75,22913.15,240836647.0,21303.88,2025-02-20,"['Trade Spotlight: How should you trade Shriram Finance, MOIL, SRF, Jindal Steel, NTPC, Indraprastha Gas, and others on February 21?', 'NTPC shares jump over 3% over Sri Lanka solar power plant project', ""Adani Group's 12-month trailing EBITDA rises 10% on year to a record high of Rs 86,789 crore"", 'Eicher Motors Consolidated December 2024 Net Sales at Rs 4,973.12 crore, up 19.01% Y-o-Y', ""CLSA upgrades NHPC to 'high conviction outperform'; shares jump 4%"", 'Stocks to Watch Today: HFCL, Waaree Energies, IREDA, Tata Technologies, Sundaram Clayton, Orchid Pharma in focus on 20 February', 'Hind Copper Consolidated December 2024 Net Sales at Rs 327.77 crore, down 17.91% Y-o-Y', 'NHPC Consolidated December 2024 Net Sales at Rs 2,286.76 crore, up 11.25% Y-o-Y', 'Astra Microwave Consolidated December 2024 Net Sales at Rs 258.54 crore, up 11.91% Y-o-Y', 'Tata Tech, IREDA stocks to enter F&O segment from February 28 on NSE; shares trade in green', 'GSFC Consolidated December 2024 Net Sales at Rs 2,814.07 crore, up 40.16% Y-o-Y', 'Paras Defence Consolidated December 2024 Net Sales at Rs 85.77 crore, up 33.64% Y-o-Y']",92.05000000000291,1,23,UP,1
2025-02-19,22847.25,23049.95,22814.85,22932.9,206999204.0,19817.93,2025-02-19,"[""Adani Group stocks trade mixed after US SEC seeks India's help in fraud probe; Adani Green down 2%"", 'Hold ABB India; target of Rs 5302: ICICI Securities', 'Buy ABB India; target of Rs 6955: Prabhudas Lilladher', 'Archean Chem Consolidated December 2024 Net Sales at Rs 242.29 crore, down 41.28% Y-o-Y', 'US reciprocal tariffs could weigh on Indian specialty chemical firms, warns Citi', 'Hindalco, Nalco shares rise up to 4% as EU sanctions aluminium imports from Russia', 'CHEMPLAST SANMA Consolidated December 2024 Net Sales at Rs 1,057.55 crore, up 19.08% Y-o-Y', 'Hold Deepak Nitrite; target of Rs 1960: Prabhudas Lilladher', 'Piramal Pharma shares down 3.5% on 6 observations from USFDA', 'Buy Marico; target of Rs 780: Sharekhan', 'Sensex, Nifty end flat for 3rd session; heavyweights offset pharma losses; broader market rise up to 2%', 'Sensex, Nifty flat ahead of FOMC minutes; mid-, small-cap indices drop up to 2%', 'Stocks to Watch Today: Tata Steel, Mahindra Lifespace, Aurobindo, Rail Vikas Nigam, Piramal Pharma, Hexaware in focus on 19 February']",85.65000000000146,1,1,UP,1
2025-02-18,22963.65,22992.5,22801.5,22945.3,210616675.0,19431.37,2025-02-18,"['Titan in talks to acquire stake in West Asia\x92s Damas Jewellery: Report', ""Tech Mahindra, NTPC, Zomato shares lead over 400-point recovery on Sensex from day's low"", 'Trade Spotlight: How should you trade Tata Motors, BHEL, Bajaj Finserv, Apollo Tyres, Aarti Pharmalabs, and others on February 18?', ""Morgan Stanley maintains 'overweight' on UltraTech, Ambuja Cement, downgrades ACC to \x91underweight\x92: Check share price targets"", 'Stocks to Watch Today: Bharti Airtel, ABB India, Paytm, KIMS, Zomato, Gabriel India, Thomas Cook in focus on 18 February', 'BHEL shares slip 5% after Ducon Tech initiates arbitration against firm', 'Deepak Nitrite shares extend fall amid midcap risk aversion, but DAM and Morgan Stanley have bullish targets', 'Trade Spotlight: How should you trade Tech Mahindra, Zomato, Ajanta Pharma, IndiGo, JSW Steel, and others on February 19?', 'Buy Samvardhana Motherson; target of Rs 160: Motilal Oswal', 'Buy Glenmark Pharmaceuticals; target of Rs 1768: KR Choksey']",-18.350000000002183,0,7,UP,1
2025-02-17,22809.9,22974.2,22725.45,22959.5,207393944.0,19809.44,2025-02-17,"[""Sensex jumps 700 pts from day's low: Key factors behind markets snapping 8-day losing streak today"", 'Stocks to Watch Today: Alembic Pharma, BHEL, Zydus Life, Zen Technologies, Ajax Engineering, Utkarsh SFB, Glenmark in focus on 17 February', 'Adani Group bonds rise on easing concerns over US indictment', 'Power Grid raises capex to Rs 23,000 crore citing soaring electricity demand', 'Samvardhana Motherson shares fall over 2 percent as brokerages trim targets after Q3FY25', 'Buy Lloyds Metals and Energy; target of Rs 1615: ICICI Securities', 'Small, midcap indices tumble in a broad-based downturn: Key stocks under selling pressure', 'Accumulate Balaji Amines; target of Rs 1640: KR Choksey', 'Hold Anupam Rasayan India; target of Rs 694: KR Choksey', ""RVNL shares drop 7% after firm's Q3 net profit declines 13% to Rs 311 crore"", ""Nifty Bank recovers 600 points from day's low; IndusInd, HDFC Bank shares gain up to 2%"", 'Lupin Standalone December 2024 Net Sales at Rs 4,208.00 crore, up 2.24% Y-o-Y', 'Buy Samvardhana Motherson International; target of Rs 155: ICICI Securities']",149.59999999999854,1,6,UP,1
2025-02-14,23096.45,23133.7,22774.85,22929.25,254479643.0,22049.89,2025-02-14,"[""Sensex slips 700 pts, Nifty below 22,800: Trump's reciprocal tariffs among key factors behind market decline"", 'Stocks to Watch Today: TCS, Hindalco, RBL Bank, United Breweries, Godfrey Phillips, Kisan Mouldings, KNR Construction in focus on 14 February', 'Bank of Baroda shares slip into red as board approves Rs 8,500 crore fundraise', ""Samvardhana Motherson shares fall 3% after firm's Q3 results"", 'Anupam Rasayan Standalone December 2024 Net Sales at Rs 212.09 crore, down 1.22% Y-o-Y', 'Buy Lupin; target of Rs 2472: KR Choksey', 'Titagarh Rail shares tank 5% after subdued Q3 earnings', 'Sensex, Nifty steady after Modi-Trump plan talks on tariff; small-, mid-caps drop over 1%', 'Sensex sinks 400 pts, Nifty slips below 22,900; small-, mid-cap indices tumble up to 3%', 'Sensex, Nifty close lower for 8th session; all 13 sectoral indices in red, broader markets crash up to 3%', 'GSFC Standalone December 2024 Net Sales at Rs 2,755.15 crore, up 41.76% Y-o-Y']",-167.20000000000073,0,-7,DOWN,0
2025-02-13,23055.75,23235.5,22992.2,23031.4,265706855.0,25218.86,2025-02-13,"['Trade Spotlight: How should you trade Bajaj Finserv, Muthoot Finance, SBI Card, UPL, Cholamandalam Investment, Redington, and others on February 14?', 'Stocks to Watch Today: Kotak Mahindra Bank, ICICI Bank, RailTel, Vakrangee, Medi Assist, RCF, Honasa Consumer, Muthoot Finance in focus on 13 February', 'Adani Green in advanced talks with SBI-led consortium to raise up to Rs 10,000 crore to refinance dollar loans', 'Lenders working on CBDCs to ensure ease of doing transactions, says Bank of Baroda CEO', 'Hold Steel Authority of India; target of Rs 107: Prabhudas Lilladher', 'Balaji Amines shares plunge 5% as operational performance takes a hit in Q3', 'Blackstone, Brookfield, Warburg Pincus in talks for majority stake in Gland Pharma, says report', 'SAIL, Tata Steel, other metal stocks rise up to 5% on likely safeguard duty on steel imports', 'Sell Whirlpool of India; target of Rs 930: ICICI Securities', 'Hold NHPC: target of Rs 76: ICICI Securities', 'Buy Archean Chemical Industries; target of Rs 621: KR Choksey', 'Buy Lupin; target of Rs 2420: Prabhudas Lilladher', 'Buy National Aluminium Co; target of Rs 275: Emkay Global Financial']",-24.349999999998545,0,8,UP,1
2025-02-12,23050.8,23144.7,22798.35,23045.25,279656513.0,26989.94,2025-02-12,"['Trent Standalone December 2024 Net Sales at Rs 4,534.71 crore, up 36.9% Y-o-Y', 'India\x92s LNG imports poised to more than double by 2030, says IEA', 'Leading insurers SBI Life, HDFC Life, Bajaj Finserv rise 3% as Investec sees no setback in new tax bill', 'Buy Hero MotoCorp; target of Rs 5600: Emkay Global Financial', 'Buy Eicher Motors; target of Rs 6100: Emkay Global Financial', 'Eicher Motors Standalone December 2024 Net Sales at Rs 4,908.14 crore, up 21.06% Y-o-Y', 'Trade Spotlight: How should you trade Bharti Airtel, HDFC Life, Cholamandalam Investment, DLF, Godfrey Phillips, and others on February 13?', 'Accumulate Hero Motocorp; target of Rs 4736: Prabhudas Lilladher', 'Aurobindo Pharm Standalone December 2024 Net Sales at Rs 2,916.63 crore, up 8.34% Y-o-Y', 'SAIL shares jump 3% post-Q3 results, break two-day losing streak', 'PG Electroplast Standalone December 2024 Net Sales at Rs 362.08 crore, up 6.72% Y-o-Y', 'Nifty FMCG index breaks seven-day losing streak as markets rebound sharply', 'Astra Microwave Standalone December 2024 Net Sales at Rs 256.66 crore, up 11.68% Y-o-Y', 'Accumulate National Aluminium Co; target of Rs 205: Prabhudas Lilladher', 'Accumulate NMDC; target of Rs 70: Prabhudas Lilladher', 'CHEMPLAST SANMA Standalone December 2024 Net Sales at Rs 585.92 crore, up 33.43% Y-o-Y', 'Paras Defence Standalone December 2024 Net Sales at Rs 81.98 crore, up 30.56% Y-o-Y', 'Archean Chem Standalone December 2024 Net Sales at Rs 242.54 crore, down 41.22% Y-o-Y']",-5.549999999999272,0,30,UP,1
2025-02-11,23383.55,23390.05,22986.65,23071.8,267969979.0,27191.96,2025-02-11,"['Apollo Hospitals shares plunge 7% amid heavy trading volumes', 'Apollo Hospital Standalone December 2024 Net Sales at Rs 2,054.80 crore, up 12.63% Y-o-Y', 'Power major NTPC discusses nuclear buildout with foreign firms', 'Sensex down 800 pts, Nifty below 23,150; broader market falls up to 3%', 'Nifty Bank slips below 20-day moving average as frontline bank stocks fall up to 3%', 'Grasim says Birla Opus gained share in metro cities, mid-tier segment has been slow', 'Accumulate Eicher Motors; target of Rs 5764: Prabhudas Lilladher', 'BHEL wins Rs 6,200-crore order from Damodar Valley Corp', 'Markets fall for 5th day: Sensex plunges 1,000 pts, Nifty below 23,100; Rs 9 lakh crore m-cap wiped out', 'Grasim Standalone December 2024 Net Sales at Rs 8,120.28 crore, up 26.87% Y-o-Y', 'Sensex, Nifty down as bank, auto stocks under pressure; mid-, small-cap indices fall over 1%']",-311.75,0,-9,DOWN,0
2025-02-10,23543.8,23568.6,23316.3,23381.6,225529166.0,21254.72,2025-02-10,"['Apollo Hospitals Q3 Results: Net profit up 51.8 % YoY at Rs 372 crore, declares an interim dividend of Rs 9 per share', 'Buy Titan Company; target of Rs 4000: Motilal Oswal', 'Eicher Motors names Siddhartha Lal executive chairman, Govindarajan as MD; announces other board changes', ""Trump's tariff scare spooks Dalal Street: Three stocks that bled the most on Sensex"", 'Grasim Industries shares fall ahead of Q3 earnings', 'Sensex plunges over 600 pts, Nifty below 23,400: Trump tariff concerns among key factors weighing on markets']",-162.20000000000073,0,-1,DOWN,0
2025-02-07,23649.5,23694.5,23443.2,23559.95,368092482.0,30042.0,2025-02-07,"['Here are the sectors and stocks in focus amidst RBI rate cut hopes', 'MRF Consolidated December 2024 Net Sales at Rs 7,000.82 crore, up 13.6% Y-o-Y', 'Trent Consolidated December 2024 Net Sales at Rs 4,656.56 crore, up 34.33% Y-o-Y', 'Buy Trent; target of Rs 7350: Motilal Oswal', 'Trade Spotlight: How should you trade these interest rate sensitive stocks on February 7?', 'MRF Standalone December 2024 Net Sales at Rs 6,883.17 crore, up 13.81% Y-o-Y', 'Apollo Hospitals Q3 Preview: Better occupancy, higher ARPOBs to drive earnings growth in seasonally weak quarter', ""Trent's Q3 earnings fails to impress despite leading industry, brokerages slash targets""]",-89.54999999999927,0,15,UP,1
